rank,owner_address,owner_type,ownership_sources,non_custodial_direct_cpal,non_custodial_direct_cpal_raw,attributed_backstop_cpal_equivalent,attributed_backstop_cpal_equivalent_raw,unattributed_backstop_custody_cpal,unattributed_backstop_custody_cpal_raw,flattened_total_cpal,flattened_total_cpal_raw,share_of_total_supply_percent_12dp,backstop_pool_count,backstop_pool_names,backstop_pool_addresses
1,GCA34HBKNLWN3AOXWBRW5Y3HSGHCWF3UDBRJ5YHGU6HWGJZEPO2NSXI3,account,direct+backstop_attributed,1469074.6065957,14690746065957,325764.8316637,3257648316637,0.0000000,0,1794839.4382594,17948394382594,12.284954304414,2,Fixed|Orbit,CAJJZSGMMM3PD7N33TAPHGBUGTB43OC73HVIK2L2G6BNGGGYOSSYBXBD|CAE7QVOMBLZ53CDRGK3UNRRHG5EZ5NQA7HHTFASEMYBWHG6MDFZTYHXC
2,GDTZSZTGBXPBV4GC7AUYNWUWCAT56CNYSKR7IOIZYNAOPIWCWWHMTIPS,account,backstop_attributed,0.0000000,0,1130834.1118748,11308341118748,0.0000000,0,1130834.1118748,11308341118748,7.740104821703,1,Fixed,CAJJZSGMMM3PD7N33TAPHGBUGTB43OC73HVIK2L2G6BNGGGYOSSYBXBD
3,CBZUCS36UVRY4ZAHJIKUOGFZWOOK6SPZOIZIA25IOP47P5W6BMVUAEM5,contract,backstop_attributed,0.0000000,0,819617.1115201,8196171115201,0.0000000,0,819617.1115201,8196171115201,5.609949585187,1,YieldBlox,CCCCIQSDILITHMM7PBSLVDT5MISSY7R26MNZXCX4H7J5JQ5FPIYOGYFS
4,GATVKWD4ZEZFG5JLZQIIZ3GSTZ6DDHGOMVXCIGAHXEFEX76NDDMOVBJJ,account,backstop_attributed,0.0000000,0,681875.5053970,6818755053970,0.0000000,0,681875.5053970,6818755053970,4.667163672994,2,Fixed|YieldBlox,CAJJZSGMMM3PD7N33TAPHGBUGTB43OC73HVIK2L2G6BNGGGYOSSYBXBD|CCCCIQSDILITHMM7PBSLVDT5MISSY7R26MNZXCX4H7J5JQ5FPIYOGYFS
5,GCQQRVD75YXVFWTURGHNQJY2G3QVNUYYAUGNRAHVRGTVXL47JP5MH6SU,account,backstop_attributed,0.0000000,0,667619.3619882,6676193619882,0.0000000,0,667619.3619882,6676193619882,4.569586103323,2,Fixed|YieldBlox,CAJJZSGMMM3PD7N33TAPHGBUGTB43OC73HVIK2L2G6BNGGGYOSSYBXBD|CCCCIQSDILITHMM7PBSLVDT5MISSY7R26MNZXCX4H7J5JQ5FPIYOGYFS
6,GCYVR6JS6DLRAFF2HEC6LN7J6H6JS2VMERCTGV64RESTZAJMOHB5RHU7,account,direct+backstop_attributed,2.8340208,28340208,552004.7157843,5520047157843,0.0000000,0,552007.5498051,5520075498051,3.778269732931,2,Fixed|YieldBlox,CAJJZSGMMM3PD7N33TAPHGBUGTB43OC73HVIK2L2G6BNGGGYOSSYBXBD|CCCCIQSDILITHMM7PBSLVDT5MISSY7R26MNZXCX4H7J5JQ5FPIYOGYFS
7,GDCY2PONYVU46RDOWURDYTT7K46EWI2LDZO7NPK5MSB7WSRXAI5IOB4C,account,direct+backstop_attributed,152678.5841002,1526785841002,386938.6978177,3869386978177,0.0000000,0,539617.2819179,5396172819179,3.693463330994,5,Etherfuse|Fixed|Forex|Orbit|YieldBlox,CDMAVJPFXPADND3YRL4BSM3AKZWCTFMX27GLLXCML3PD62HEQS5FPVAI|CAJJZSGMMM3PD7N33TAPHGBUGTB43OC73HVIK2L2G6BNGGGYOSSYBXBD|CBYOBT7ZCCLQCBUYYIABZLSEGDPEUWXCUXQTZYOG3YBDR7U357D5ZIRF|CAE7QVOMBLZ53CDRGK3UNRRHG5EZ5NQA7HHTFASEMYBWHG6MDFZTYHXC|CCCCIQSDILITHMM7PBSLVDT5MISSY7R26MNZXCX4H7J5JQ5FPIYOGYFS
8,GBUNDGF4GERH44WAOSJFBDZG5AFFHSZBAZVTFNN4SOE63BGDDDYQAV2G,account,backstop_attributed,0.0000000,0,501779.8714694,5017798714694,0.0000000,0,501779.8714694,5017798714694,3.434481469749,1,Fixed,CAJJZSGMMM3PD7N33TAPHGBUGTB43OC73HVIK2L2G6BNGGGYOSSYBXBD
9,GAGNU4JUDML3BYEAH5MOKWDNYSIMWNKP2WZX5XM4WZZ4H7Y4RPGYBLOX,account,backstop_attributed,0.0000000,0,435602.9891165,4356029891165,0.0000000,0,435602.9891165,4356029891165,2.981527317759,2,Fixed|YieldBlox,CAJJZSGMMM3PD7N33TAPHGBUGTB43OC73HVIK2L2G6BNGGGYOSSYBXBD|CCCCIQSDILITHMM7PBSLVDT5MISSY7R26MNZXCX4H7J5JQ5FPIYOGYFS
10,GD5ZJB3TDU6JIBIEWQNCDN2KEOBI5XX2G5RZUBM4SL7KWCCIO3FDIFTF,account,backstop_attributed,0.0000000,0,355697.9576472,3556979576472,0.0000000,0,355697.9576472,3556979576472,2.434609504740,3,Etherfuse|Fixed|YieldBlox,CDMAVJPFXPADND3YRL4BSM3AKZWCTFMX27GLLXCML3PD62HEQS5FPVAI|CAJJZSGMMM3PD7N33TAPHGBUGTB43OC73HVIK2L2G6BNGGGYOSSYBXBD|CCCCIQSDILITHMM7PBSLVDT5MISSY7R26MNZXCX4H7J5JQ5FPIYOGYFS
11,CAO3AGAMZVRMHITL36EJ2VZQWKYRPWMQAPDQD5YEOF3GIF7T44U4JAL3,contract,direct,354015.8177352,3540158177352,0.0000000,0,0.0000000,0,354015.8177352,3540158177352,2.423095933380,0,,
12,GB5F2BYPFRSCMQPPR226EDCMZDVAVYNN5JIEDLPIN2AV3QMYKUFNXHNB,account,backstop_attributed,0.0000000,0,285045.4295750,2850454295750,0.0000000,0,285045.4295750,2850454295750,1.951021357323,2,Fixed|YieldBlox,CAJJZSGMMM3PD7N33TAPHGBUGTB43OC73HVIK2L2G6BNGGGYOSSYBXBD|CCCCIQSDILITHMM7PBSLVDT5MISSY7R26MNZXCX4H7J5JQ5FPIYOGYFS
13,CDJDJJYJU5DDX267RYB3RWYS6FFJXAXQABV2YNXJ3RGFEIR3X7B43UPQ,contract,backstop_attributed,0.0000000,0,263607.5084774,2636075084774,0.0000000,0,263607.5084774,2636075084774,1.804287406948,1,Fixed,CAJJZSGMMM3PD7N33TAPHGBUGTB43OC73HVIK2L2G6BNGGGYOSSYBXBD
14,GCWAUSZKOQYTRTNVILVWSZI53ZGHWZT62LXFHGXZ5PKKYA2RLABJSK76,account,backstop_attributed,0.0000000,0,250936.4001982,2509364001982,0.0000000,0,250936.4001982,2509364001982,1.717558765445,3,Fixed|Orbit|YieldBlox,CAJJZSGMMM3PD7N33TAPHGBUGTB43OC73HVIK2L2G6BNGGGYOSSYBXBD|CAE7QVOMBLZ53CDRGK3UNRRHG5EZ5NQA7HHTFASEMYBWHG6MDFZTYHXC|CCCCIQSDILITHMM7PBSLVDT5MISSY7R26MNZXCX4H7J5JQ5FPIYOGYFS
15,GAZDDN2QK5EQZY2BCO4GLE36IHJJCQ54EQ5HP5P3NI2K6WOHGGHWH5QJ,account,backstop_attributed,0.0000000,0,235124.9319826,2351249319826,0.0000000,0,235124.9319826,2351249319826,1.609335622820,1,Fixed,CAJJZSGMMM3PD7N33TAPHGBUGTB43OC73HVIK2L2G6BNGGGYOSSYBXBD
16,GA7Y6K6RXCQPZHZJ2RYXJTWHD236WFWOSVCADMXRABHF5K4TFEOGDM7N,account,backstop_attributed,0.0000000,0,216541.4457662,2165414457662,0.0000000,0,216541.4457662,2165414457662,1.482139131525,2,Fixed|YieldBlox,CAJJZSGMMM3PD7N33TAPHGBUGTB43OC73HVIK2L2G6BNGGGYOSSYBXBD|CCCCIQSDILITHMM7PBSLVDT5MISSY7R26MNZXCX4H7J5JQ5FPIYOGYFS
17,GCILPNV26SBEGMUWKCKM7TQOJXOHU23JMFWBAEGEFGOATPERAHLYHUS2,account,backstop_attributed,0.0000000,0,203281.8734223,2032818734223,0.0000000,0,203281.8734223,2032818734223,1.391382690103,1,Fixed,CAJJZSGMMM3PD7N33TAPHGBUGTB43OC73HVIK2L2G6BNGGGYOSSYBXBD
18,GCFJLCJ4HEB5OQRDSIEWQKAL7OBONG4SEWNEVW34SJQGCQ7ALFGQ22FV,account,backstop_attributed,0.0000000,0,198789.7794807,1987897794807,0.0000000,0,198789.7794807,1987897794807,1.360636113207,1,Fixed,CAJJZSGMMM3PD7N33TAPHGBUGTB43OC73HVIK2L2G6BNGGGYOSSYBXBD
19,GAEBP4VL2XZTJ46IBYTZ5TTWDYAEEXMPNB45W6GGEUSIYWDFGWM3IHTQ,account,backstop_attributed,0.0000000,0,197637.0073125,1976370073125,0.0000000,0,197637.0073125,1976370073125,1.352745851211,1,Fixed,CAJJZSGMMM3PD7N33TAPHGBUGTB43OC73HVIK2L2G6BNGGGYOSSYBXBD
20,GC2LIJHKPVSTUILOTPGAEBEGIS4NCMRQEOP3Z45CFYT7NTJCOJDTTP5X,account,backstop_attributed,0.0000000,0,195218.7508038,1952187508038,0.0000000,0,195218.7508038,1952187508038,1.336193857716,1,Fixed,CAJJZSGMMM3PD7N33TAPHGBUGTB43OC73HVIK2L2G6BNGGGYOSSYBXBD
21,GC2CNV3ZP2ARORYJMPFYO56LJVVMN2QLLVCICQD24B3QMDZ5FQZVJOM7,account,backstop_attributed,0.0000000,0,186792.3825632,1867923825632,0.0000000,0,186792.3825632,1867923825632,1.278518755096,1,Fixed,CAJJZSGMMM3PD7N33TAPHGBUGTB43OC73HVIK2L2G6BNGGGYOSSYBXBD
22,GDMCUWYGHGOM2AIWVFJVW6PW3Y77CL5BSIF67BKHOMDEZMCXHFQW7VTK,account,backstop_attributed,0.0000000,0,184902.3561571,1849023561571,0.0000000,0,184902.3561571,1849023561571,1.265582284269,1,Fixed,CAJJZSGMMM3PD7N33TAPHGBUGTB43OC73HVIK2L2G6BNGGGYOSSYBXBD
23,GCDSXXUQALVLEOJZWHPQQM2LKVFBDJGMUJXW46C2BGO5QCSI25LYC3YG,account,backstop_attributed,0.0000000,0,181481.2996544,1814812996544,0.0000000,0,181481.2996544,1814812996544,1.242166528011,1,Fixed,CAJJZSGMMM3PD7N33TAPHGBUGTB43OC73HVIK2L2G6BNGGGYOSSYBXBD
24,GAFJVX6JYGN76D6IX6FBYJDJMWBGFIV2NZROVCJN4PZP3HDGRWSZXAKV,account,backstop_attributed,0.0000000,0,181395.7326726,1813957326726,0.0000000,0,181395.7326726,1813957326726,1.241580856424,1,Fixed,CAJJZSGMMM3PD7N33TAPHGBUGTB43OC73HVIK2L2G6BNGGGYOSSYBXBD
25,GA5HXKKBJUDUBJBGLWASUN2RHW6OM6WKESDREEQFCT3Q2PS57K44IF6U,account,backstop_attributed,0.0000000,0,176917.1574078,1769171574078,0.0000000,0,176917.1574078,1769171574078,1.210926809436,1,Fixed,CAJJZSGMMM3PD7N33TAPHGBUGTB43OC73HVIK2L2G6BNGGGYOSSYBXBD
26,GDIQFXBZAS4TA5Z7JSCOLGSDFMK4UF4SPYER5IVPNRPUYFQ6U4GKVZ7P,account,backstop_attributed,0.0000000,0,174539.6167273,1745396167273,0.0000000,0,174539.6167273,1745396167273,1.194653499415,2,Fixed|YieldBlox,CAJJZSGMMM3PD7N33TAPHGBUGTB43OC73HVIK2L2G6BNGGGYOSSYBXBD|CCCCIQSDILITHMM7PBSLVDT5MISSY7R26MNZXCX4H7J5JQ5FPIYOGYFS
27,GDSANA2XZQJLPEWXKAF5XYOFYNJXCDQNFUJMW3EVGASIAXALG65YIHXC,account,backstop_attributed,0.0000000,0,158269.3514328,1582693514328,0.0000000,0,158269.3514328,1582693514328,1.083290075254,1,Fixed,CAJJZSGMMM3PD7N33TAPHGBUGTB43OC73HVIK2L2G6BNGGGYOSSYBXBD
28,CCJGQ7FUZ7KTRRBMW3KJ2IUNKN2TTJ6HKEKUZVORQBALMJNTUT6XVYVH,contract,backstop_attributed,0.0000000,0,149999.1252928,1499991252928,0.0000000,0,149999.1252928,1499991252928,1.026683702532,1,Orbit,CAE7QVOMBLZ53CDRGK3UNRRHG5EZ5NQA7HHTFASEMYBWHG6MDFZTYHXC
29,GBUAECU5BYGLAJWQYOPYV3ZMFNUHD6XLARQBELQAZBAXBHPSKEOGZFZD,account,backstop_attributed,0.0000000,0,146413.7559055,1464137559055,0.0000000,0,146413.7559055,1464137559055,1.002143290645,1,Fixed,CAJJZSGMMM3PD7N33TAPHGBUGTB43OC73HVIK2L2G6BNGGGYOSSYBXBD
30,GAYRDQ2S74LVNJVVCYNCE45K5SMLUHSOGQF6LH3JUH3IVEUBINYPQQJ4,account,backstop_attributed,0.0000000,0,141808.8036137,1418088036137,0.0000000,0,141808.8036137,1418088036137,0.970624243719,1,Fixed,CAJJZSGMMM3PD7N33TAPHGBUGTB43OC73HVIK2L2G6BNGGGYOSSYBXBD
31,GBTTT6GJABS26S7R6LCO6ASSUNZCST5IT7C54JDEJ2RSV2BUHU4H6VS5,account,backstop_attributed,0.0000000,0,135659.1152344,1356591152344,0.0000000,0,135659.1152344,1356591152344,0.928532099366,1,Fixed,CAJJZSGMMM3PD7N33TAPHGBUGTB43OC73HVIK2L2G6BNGGGYOSSYBXBD
32,GA4L76V5Z6YHB7YW6NDQ5GOZZTJNSG6RHTWDFPGEP3MGZD47VWGXLOOP,account,backstop_attributed,0.0000000,0,135413.9126987,1354139126987,0.0000000,0,135413.9126987,1354139126987,0.926853786597,2,Fixed|YieldBlox,CAJJZSGMMM3PD7N33TAPHGBUGTB43OC73HVIK2L2G6BNGGGYOSSYBXBD|CCCCIQSDILITHMM7PBSLVDT5MISSY7R26MNZXCX4H7J5JQ5FPIYOGYFS
33,GBPPGSHXAVDCN4OU45QIBIFIMA4VWKI3RY4X3Z7424KXKYIQBPCJR7CI,account,backstop_attributed,0.0000000,0,125213.5593124,1252135593124,0.0000000,0,125213.5593124,1252135593124,0.857036468920,1,Fixed,CAJJZSGMMM3PD7N33TAPHGBUGTB43OC73HVIK2L2G6BNGGGYOSSYBXBD
34,GCMM7MEPM7HK7XYBWOVYJSQAEG2TAQ6H6HYZBNG4EZE3IXX4XO6H57DO,account,backstop_attributed,0.0000000,0,119760.6985663,1197606985663,0.0000000,0,119760.6985663,1197606985663,0.819713829543,1,Fixed,CAJJZSGMMM3PD7N33TAPHGBUGTB43OC73HVIK2L2G6BNGGGYOSSYBXBD
35,GDXBTISCOXC2SOIV24MGTXFQLZ2LOE3ZKYWTHGYDYCJRXF3T47BMFILO,account,backstop_attributed,0.0000000,0,114725.0716025,1147250716025,0.0000000,0,114725.0716025,1147250716025,0.785246987649,1,Fixed,CAJJZSGMMM3PD7N33TAPHGBUGTB43OC73HVIK2L2G6BNGGGYOSSYBXBD
36,GCRU3HYKAAN4PF4DHMSRBX7AHNLZSR3WSOANTZAYZRGJXUNM6ZEHBCXM,account,backstop_attributed,0.0000000,0,113813.5171847,1138135171847,0.0000000,0,113813.5171847,1138135171847,0.779007764167,1,Fixed,CAJJZSGMMM3PD7N33TAPHGBUGTB43OC73HVIK2L2G6BNGGGYOSSYBXBD
37,GDDIQ77QRV2LAK3I2K6SVB7VGTDOT4WRTUTXOX2TAAS2WVUFDTHILJTD,account,backstop_attributed,0.0000000,0,104790.9269793,1047909269793,0.0000000,0,104790.9269793,1047909269793,0.717251761921,1,Fixed,CAJJZSGMMM3PD7N33TAPHGBUGTB43OC73HVIK2L2G6BNGGGYOSSYBXBD
38,CD7UCK6QPQVXGHI36HEVNAJXRO6GPFWSVBJDXK37ENL3DZ2NKEX5WM4S,contract,direct,100068.0000001,1000680000001,0.0000000,0,0.0000000,0,100068.0000001,1000680000001,0.684925225694,0,,
39,GCPIKUGS2RNSH6HAKUSIDBAVHC62QMDFUNXUTET4Q3YDDCUO5B3F7D45,account,backstop_attributed,0.0000000,0,97956.0052498,979560052498,0.0000000,0,97956.0052498,979560052498,0.670469470797,1,Fixed,CAJJZSGMMM3PD7N33TAPHGBUGTB43OC73HVIK2L2G6BNGGGYOSSYBXBD
40,GDLI5PY2ONAYPWCRBM3GRLIXQ66P2V57HJXN77WSEZSLSKOUOHEMCOPK,account,direct+backstop_attributed,95.4662723,954662723,97297.5442653,972975442653,0.0000000,0,97393.0105376,973930105376,0.666615998355,1,Fixed,CAJJZSGMMM3PD7N33TAPHGBUGTB43OC73HVIK2L2G6BNGGGYOSSYBXBD
41,GAVR4ZXRXGNRCPGEIKEG6CRSMNTNDCVDJELXFMU5TQ6YONPOJIP7O6MU,account,backstop_attributed,0.0000000,0,95725.0594732,957250594732,0.0000000,0,95725.0594732,957250594732,0.655199543952,1,Fixed,CAJJZSGMMM3PD7N33TAPHGBUGTB43OC73HVIK2L2G6BNGGGYOSSYBXBD
42,GBPFUT76CUQTILFAOSTQ2PRFHIVQDG4PJESPM6DSFBZF56X5E5ZRYDAD,account,backstop_attributed,0.0000000,0,92402.9328826,924029328826,0.0000000,0,92402.9328826,924029328826,0.632460923166,2,Fixed|YieldBlox,CAJJZSGMMM3PD7N33TAPHGBUGTB43OC73HVIK2L2G6BNGGGYOSSYBXBD|CCCCIQSDILITHMM7PBSLVDT5MISSY7R26MNZXCX4H7J5JQ5FPIYOGYFS
43,GDG7PTG6J62HPE74BVWNSQWTPSZKBXN6RRUKJRDEEXPSC2OTXXVLIANW,account,backstop_attributed,0.0000000,0,91881.4379136,918814379136,0.0000000,0,91881.4379136,918814379136,0.628891499780,1,Fixed,CAJJZSGMMM3PD7N33TAPHGBUGTB43OC73HVIK2L2G6BNGGGYOSSYBXBD
44,GAXOCT452OQUY6KFQOIP4RCHOPZGLLRGRFEDAZMK7A2SSY7REWF7QX2C,account,backstop_attributed,0.0000000,0,76301.7382421,763017382421,0.0000000,0,76301.7382421,763017382421,0.522254719653,1,Fixed,CAJJZSGMMM3PD7N33TAPHGBUGTB43OC73HVIK2L2G6BNGGGYOSSYBXBD
45,GCKXRM7YSVMBVGW6OUYC2TK25CEYTDCH4QOOXXOJOKVLQ2DBDFUAJJ2F,account,backstop_attributed,0.0000000,0,71148.0018403,711480018403,0.0000000,0,71148.0018403,711480018403,0.486979466144,1,Etherfuse,CDMAVJPFXPADND3YRL4BSM3AKZWCTFMX27GLLXCML3PD62HEQS5FPVAI
46,GBZOB7C7TJMIIQ2GCJPIFIZORNN5PV25I3AQIMFNO2RRS5NVG3CFP5UF,account,backstop_attributed,0.0000000,0,66074.5537164,660745537164,0.0000000,0,66074.5537164,660745537164,0.452253753615,1,Fixed,CAJJZSGMMM3PD7N33TAPHGBUGTB43OC73HVIK2L2G6BNGGGYOSSYBXBD
47,GDVSMBB42NDHSCP4MZAEX4G7QWUPR6ZE2KVW23ZY6HNK3SL5M2CYANSA,account,backstop_attributed,0.0000000,0,62859.6142678,628596142678,0.0000000,0,62859.6142678,628596142678,0.430248785719,1,Fixed,CAJJZSGMMM3PD7N33TAPHGBUGTB43OC73HVIK2L2G6BNGGGYOSSYBXBD
48,GBIIUZH63Z262QXGKJIP3ZU5DS7L4L2TBTYGPXRIGQXZAF25A72YNULL,account,backstop_attributed,0.0000000,0,56473.1769971,564731769971,0.0000000,0,56473.1769971,564731769971,0.386536190394,1,Fixed,CAJJZSGMMM3PD7N33TAPHGBUGTB43OC73HVIK2L2G6BNGGGYOSSYBXBD
49,GDEUXEYTXHTXS666SIO7MNCPTPTC2PQPIVZQCG55BPKMRHMXAW6OADA6,account,backstop_attributed,0.0000000,0,53786.6893980,537866893980,0.0000000,0,53786.6893980,537866893980,0.368148262933,1,Fixed,CAJJZSGMMM3PD7N33TAPHGBUGTB43OC73HVIK2L2G6BNGGGYOSSYBXBD
50,GC4V7DAIR5QQ6OMQV2TNC22I54PNCKLXA6WW2VK4NFPR6H2XIGNF6MUZ,account,backstop_attributed,0.0000000,0,49543.3092042,495433092042,0.0000000,0,49543.3092042,495433092042,0.339104031641,2,Fixed|YieldBlox,CAJJZSGMMM3PD7N33TAPHGBUGTB43OC73HVIK2L2G6BNGGGYOSSYBXBD|CCCCIQSDILITHMM7PBSLVDT5MISSY7R26MNZXCX4H7J5JQ5FPIYOGYFS
51,GDGWSRSHQ6HQ2OMJHZWCN26NW7RWCKJUYFQFEZTUNIDI2PCBWZS35COM,account,backstop_attributed,0.0000000,0,49299.4118063,492994118063,0.0000000,0,49299.4118063,492994118063,0.337434652016,1,Solv,CC4HHXPKR3FIXUQEC53MAK2IVWD6APAEBBXP5XCIW5FISN6PQOAC6UXG
52,GCKOP53YBVKUNFWSSHMGMYBSCSJGPFAWRWTELERE6S3WVTW44MJ7ARQ3,account,backstop_attributed,0.0000000,0,43019.2147988,430192147988,0.0000000,0,43019.2147988,430192147988,0.294449228577,1,Fixed,CAJJZSGMMM3PD7N33TAPHGBUGTB43OC73HVIK2L2G6BNGGGYOSSYBXBD
53,GBSDNLUEPQEM7YUCJPYND3HI7DUFTKNWVUCHLO43K6YUOPGY2HM6GIWU,account,backstop_attributed,0.0000000,0,42891.9106517,428919106517,0.0000000,0,42891.9106517,428919106517,0.293577882875,1,Fixed,CAJJZSGMMM3PD7N33TAPHGBUGTB43OC73HVIK2L2G6BNGGGYOSSYBXBD
54,GAC7ZDMD54QZV5FCK3MVLQWX3ITMEDDJOZMPVQQRWLFA2CERYAMS2QCX,account,backstop_attributed,0.0000000,0,42865.4734071,428654734071,0.0000000,0,42865.4734071,428654734071,0.293396930565,1,Fixed,CAJJZSGMMM3PD7N33TAPHGBUGTB43OC73HVIK2L2G6BNGGGYOSSYBXBD
55,GBXQRU73P63NSSEKRQRYQTSQ6SDUQY7LM6JEPD56WDQLSBT2FCDIQ6H7,account,backstop_attributed,0.0000000,0,39657.5204479,396575204479,0.0000000,0,39657.5204479,396575204479,0.271439782380,1,Fixed,CAJJZSGMMM3PD7N33TAPHGBUGTB43OC73HVIK2L2G6BNGGGYOSSYBXBD
56,GCOTFUPCJTKRQBPQC5ZHWAPE4JWOFD5A5436QOO63KCF6YAJITEZD7SS,account,backstop_attributed,0.0000000,0,35461.3118733,354613118733,0.0000000,0,35461.3118733,354613118733,0.242718421855,3,Fixed|Forex|YieldBlox,CAJJZSGMMM3PD7N33TAPHGBUGTB43OC73HVIK2L2G6BNGGGYOSSYBXBD|CBYOBT7ZCCLQCBUYYIABZLSEGDPEUWXCUXQTZYOG3YBDR7U357D5ZIRF|CBNR7PYFY775UG7W37B4OJG2OBBUKLFW6VIBHFDKKLR2HECPRMRZMDK3
57,GDDRDRB25ERBKFF3UGCWNYHVZLRP5KXUBEICJZ2RN3EN7RL77ZOWP5NX,account,backstop_attributed,0.0000000,0,35058.0205654,350580205654,0.0000000,0,35058.0205654,350580205654,0.239958055003,1,Fixed,CAJJZSGMMM3PD7N33TAPHGBUGTB43OC73HVIK2L2G6BNGGGYOSSYBXBD
58,GDVPI24BHUIQ5QNIYFRIV4TZL6UUDIXQWXAZEZQUFIDULC6EVN6DKNDL,account,backstop_attributed,0.0000000,0,32087.6893731,320876893731,0.0000000,0,32087.6893731,320876893731,0.219627332272,1,Fixed,CAJJZSGMMM3PD7N33TAPHGBUGTB43OC73HVIK2L2G6BNGGGYOSSYBXBD
59,GDSEX2EEH6TRBY5MNEKHI3KDLUUQYR7YOUP5TDCASWYZDZ747Q6KGUS6,account,backstop_attributed,0.0000000,0,29775.0816358,297750816358,0.0000000,0,29775.0816358,297750816358,0.203798462140,1,Fixed,CAJJZSGMMM3PD7N33TAPHGBUGTB43OC73HVIK2L2G6BNGGGYOSSYBXBD
60,GBNQH57WH6MJHS2CTIZ2OWTAID7G6Q5GAUMSPHJF3443PWOINZJXZOOE,account,backstop_attributed,0.0000000,0,28985.8697193,289858697193,0.0000000,0,28985.8697193,289858697193,0.198396623890,1,Fixed,CAJJZSGMMM3PD7N33TAPHGBUGTB43OC73HVIK2L2G6BNGGGYOSSYBXBD
61,GDEUQWHIBXZTP6GJRHOWTZ5VMTSLFKLHYNFSGAH6KUJYPKIG5ZQVB53V,account,backstop_attributed,0.0000000,0,28688.5453966,286885453966,0.0000000,0,28688.5453966,286885453966,0.196361558446,2,Fixed|YieldBlox,CAJJZSGMMM3PD7N33TAPHGBUGTB43OC73HVIK2L2G6BNGGGYOSSYBXBD|CCCCIQSDILITHMM7PBSLVDT5MISSY7R26MNZXCX4H7J5JQ5FPIYOGYFS
62,GDGW4YGH4IGTMDNJRZTXNKC72ESMIKTZN4TWUVJF5KURFRQJKD6KSTAR,account,direct+backstop_attributed,20706.8779276,207068779276,5126.5763415,51265763415,0.0000000,0,25833.4542691,258334542691,0.176819607623,2,Fixed|YieldBlox,CAJJZSGMMM3PD7N33TAPHGBUGTB43OC73HVIK2L2G6BNGGGYOSSYBXBD|CCCCIQSDILITHMM7PBSLVDT5MISSY7R26MNZXCX4H7J5JQ5FPIYOGYFS
63,GCIMUKEGLOTE3QNEHYXH4FAN3WNXUGLKGHXXQUSD3ZWQHXDZUBI4XLTB,account,backstop_attributed,0.0000000,0,25536.7135429,255367135429,0.0000000,0,25536.7135429,255367135429,0.174788536663,2,Fixed|YieldBlox,CAJJZSGMMM3PD7N33TAPHGBUGTB43OC73HVIK2L2G6BNGGGYOSSYBXBD|CCCCIQSDILITHMM7PBSLVDT5MISSY7R26MNZXCX4H7J5JQ5FPIYOGYFS
64,GA2GD7P5MQU2FLF5NP26UJ3KAY5XX42OTJLCG455NUEKPRHLKLJCGJKU,account,backstop_attributed,0.0000000,0,21891.2811275,218912811275,0.0000000,0,21891.2811275,218912811275,0.149837017497,2,Fixed|YieldBlox,CAJJZSGMMM3PD7N33TAPHGBUGTB43OC73HVIK2L2G6BNGGGYOSSYBXBD|CCCCIQSDILITHMM7PBSLVDT5MISSY7R26MNZXCX4H7J5JQ5FPIYOGYFS
65,GC3ISVU5FSWWKB676TVQNMYWSVV7MBWMHWBPJGSMZC544QPFPYDGOBKB,account,backstop_attributed,0.0000000,0,21662.4393892,216624393892,0.0000000,0,21662.4393892,216624393892,0.148270687809,1,Fixed,CAJJZSGMMM3PD7N33TAPHGBUGTB43OC73HVIK2L2G6BNGGGYOSSYBXBD
66,GDWJHMXNH6M7WBSUMSKNDGABLMIJGWE7MACUPFBTZCX33ZZCDC25UZPL,account,backstop_attributed,0.0000000,0,21501.2289464,215012289464,0.0000000,0,21501.2289464,215012289464,0.147167267146,1,Fixed,CAJJZSGMMM3PD7N33TAPHGBUGTB43OC73HVIK2L2G6BNGGGYOSSYBXBD
67,GDR7P45P556MYOWHU23TSOKPERC4PCZ2DTG43UYXPP2ELPZDWE7SCZNJ,account,backstop_attributed,0.0000000,0,20772.8172606,207728172606,0.0000000,0,20772.8172606,207728172606,0.142181582029,3,Etherfuse|Fixed|YieldBlox,CDMAVJPFXPADND3YRL4BSM3AKZWCTFMX27GLLXCML3PD62HEQS5FPVAI|CAJJZSGMMM3PD7N33TAPHGBUGTB43OC73HVIK2L2G6BNGGGYOSSYBXBD|CCCCIQSDILITHMM7PBSLVDT5MISSY7R26MNZXCX4H7J5JQ5FPIYOGYFS
68,GC35W3ZETTUY7YBODRKJIPUVYS574MMHDM4FHD7Q2M7LDU3FQV4UGGTW,account,backstop_attributed,0.0000000,0,20609.0448218,206090448218,0.0000000,0,20609.0448218,206090448218,0.141060625533,1,Fixed,CAJJZSGMMM3PD7N33TAPHGBUGTB43OC73HVIK2L2G6BNGGGYOSSYBXBD
69,GACI727MHZHUWCFIX6NMFTBBN7TSWQS27H7KM4XPP6OOMF77LXG5AZZG,account,direct+backstop_attributed,0.0114791,114791,20486.4535024,204864535024,0.0000000,0,20486.4649815,204864649815,0.140221615812,1,Fixed,CAJJZSGMMM3PD7N33TAPHGBUGTB43OC73HVIK2L2G6BNGGGYOSSYBXBD
70,GB2DU4ZPFADD74YOWSRB4PS4UKZ6Y3M47IH4OD232HBYVCSR2FS56T6D,account,backstop_attributed,0.0000000,0,18973.8668374,189738668374,0.0000000,0,18973.8668374,189738668374,0.129868489685,2,Fixed|YieldBlox,CAJJZSGMMM3PD7N33TAPHGBUGTB43OC73HVIK2L2G6BNGGGYOSSYBXBD|CCCCIQSDILITHMM7PBSLVDT5MISSY7R26MNZXCX4H7J5JQ5FPIYOGYFS
71,GDOWQ4ZMCXDB55WGAP76KWTPOWMVCLAJHT23OMYRA7DP3KRT5XR5U4V5,account,backstop_attributed,0.0000000,0,17676.7927177,176767927177,0.0000000,0,17676.7927177,176767927177,0.120990538850,2,Fixed|YieldBlox,CAJJZSGMMM3PD7N33TAPHGBUGTB43OC73HVIK2L2G6BNGGGYOSSYBXBD|CCCCIQSDILITHMM7PBSLVDT5MISSY7R26MNZXCX4H7J5JQ5FPIYOGYFS
72,GBXC7VPR7BOTZX2XDKKL2TFL4ME6CW24S64UIVUMJEQD63BDUPTB7QC4,account,backstop_attributed,0.0000000,0,16911.7586367,169117586367,0.0000000,0,16911.7586367,169117586367,0.115754188163,1,Fixed,CAJJZSGMMM3PD7N33TAPHGBUGTB43OC73HVIK2L2G6BNGGGYOSSYBXBD
73,GBZSLZ44CYYFK7XL2JLNKM6H6QWPO3ECGJSTEMHIGCTNYO5ZPGAGB5YF,account,backstop_attributed,0.0000000,0,15655.2666365,156552666365,0.0000000,0,15655.2666365,156552666365,0.107154005619,1,Fixed,CAJJZSGMMM3PD7N33TAPHGBUGTB43OC73HVIK2L2G6BNGGGYOSSYBXBD
74,GAOW66RKXHHUYKRWAW27NBJBBAQ4LFD7SL6CFP7ZNVQVL6AXMOPVFTTI,account,direct+backstop_attributed,1.1850714,11850714,15327.3584769,153273584769,0.0000000,0,15328.5435483,153285435483,0.104917717445,1,Fixed,CAJJZSGMMM3PD7N33TAPHGBUGTB43OC73HVIK2L2G6BNGGGYOSSYBXBD
75,GAKE3C7NIXFFOUWXX2ULXEN7I4OHHYLFE5QX3CARL4BFFYN3WWIQA6CA,account,direct+backstop_attributed,0.0027216,27216,14882.5620567,148825620567,0.0000000,0,14882.5647783,148825647783,0.101865172079,1,Fixed,CAJJZSGMMM3PD7N33TAPHGBUGTB43OC73HVIK2L2G6BNGGGYOSSYBXBD
76,GC4CGV74U5GH32D4XDROWYBH5QCF77ND4XNZCMSCB3F3D73U3JUOWGWJ,account,backstop_attributed,0.0000000,0,14173.7022846,141737022846,0.0000000,0,14173.7022846,141737022846,0.097013293322,1,Fixed,CAJJZSGMMM3PD7N33TAPHGBUGTB43OC73HVIK2L2G6BNGGGYOSSYBXBD
77,GDZK4JBS567MWKLC7O3BIHDP4B2V2RPRBWDU2KML4CPVNIO3W3YXNOOT,account,backstop_attributed,0.0000000,0,13709.9846881,137099846881,0.0000000,0,13709.9846881,137099846881,0.093839332821,2,Fixed|YieldBlox,CAJJZSGMMM3PD7N33TAPHGBUGTB43OC73HVIK2L2G6BNGGGYOSSYBXBD|CCCCIQSDILITHMM7PBSLVDT5MISSY7R26MNZXCX4H7J5JQ5FPIYOGYFS
78,CANSYFVMIP7JVYEZQ463Y2I2VLEVNLDJJ4QNZTDBGLOOGKURPTW4A6FQ,contract,direct+backstop_attributed,12821.8209655,128218209655,1.5295682,15295682,0.0000000,0,12823.3505337,128233505337,0.087770678523,1,YieldBlox,CCCCIQSDILITHMM7PBSLVDT5MISSY7R26MNZXCX4H7J5JQ5FPIYOGYFS
79,GDUOWL73D25L27QQHT724UESPBLS5TKX37WSRT6BMFYW2K7IK55BHZ33,account,backstop_attributed,0.0000000,0,12612.9986616,126129986616,0.0000000,0,12612.9986616,126129986616,0.086330904534,1,Fixed,CAJJZSGMMM3PD7N33TAPHGBUGTB43OC73HVIK2L2G6BNGGGYOSSYBXBD
80,GC5UG5EGNWDZZTJWDECRDRYF45IZW7KHC5CGAVBMCWEFP2PX2XIUBKFZ,account,backstop_attributed,0.0000000,0,12194.7076919,121947076919,0.0000000,0,12194.7076919,121947076919,0.083467871029,1,Fixed,CAJJZSGMMM3PD7N33TAPHGBUGTB43OC73HVIK2L2G6BNGGGYOSSYBXBD
81,GAAUMMCT5PVLB5SP7FJYDXKZYDFJLXLJ34EXFREMDWOZLKYVE2PNVZWO,account,direct+backstop_attributed,12150.8243129,121508243129,1.4495222,14495222,0.0000000,0,12152.2738351,121522738351,0.083177428340,1,YieldBlox,CCCCIQSDILITHMM7PBSLVDT5MISSY7R26MNZXCX4H7J5JQ5FPIYOGYFS
82,GCTRNISWSF2OHWYXNRY76A3QNSU3WDPX2MWLIY7DK6J4BFTM7YLTC53K,account,backstop_attributed,0.0000000,0,12031.9718640,120319718640,0.0000000,0,12031.9718640,120319718640,0.082354009718,1,Fixed,CAJJZSGMMM3PD7N33TAPHGBUGTB43OC73HVIK2L2G6BNGGGYOSSYBXBD
83,GABUR2QAN4CERGIWJV2YUPGNJ6OHNURPUZIL6N7I3FBYUGPYYL74SYVY,account,backstop_attributed,0.0000000,0,10744.9025301,107449025301,0.0000000,0,10744.9025301,107449025301,0.073544537619,1,Fixed,CAJJZSGMMM3PD7N33TAPHGBUGTB43OC73HVIK2L2G6BNGGGYOSSYBXBD
84,GBNZXBH7SWFPU7WW2D3WGMWZHSH2L3G5XFQO3FTLU5ZIYINOOAI2EQVI,account,backstop_attributed,0.0000000,0,10652.7149969,106527149969,0.0000000,0,10652.7149969,106527149969,0.072913551020,1,Fixed,CAJJZSGMMM3PD7N33TAPHGBUGTB43OC73HVIK2L2G6BNGGGYOSSYBXBD
85,GDWRJJNZ2LKEMSGLVVV5CXNRDUMAOCWH7A6LLHE22S55SLKAWQ7IOOPA,account,backstop_attributed,0.0000000,0,9915.2371995,99152371995,0.0000000,0,9915.2371995,99152371995,0.067865812014,2,Fixed|YieldBlox,CAJJZSGMMM3PD7N33TAPHGBUGTB43OC73HVIK2L2G6BNGGGYOSSYBXBD|CCCCIQSDILITHMM7PBSLVDT5MISSY7R26MNZXCX4H7J5JQ5FPIYOGYFS
86,GDIDAYNCTXAB2WD7V33B4JQMG7FU4IN4OBJKDLCNTLUIJLWN6AVJX7VL,account,direct+backstop_attributed,1599.9772180,15999772180,8200.8913221,82008913221,0.0000000,0,9800.8685401,98008685401,0.067083004525,2,Fixed|YieldBlox,CAJJZSGMMM3PD7N33TAPHGBUGTB43OC73HVIK2L2G6BNGGGYOSSYBXBD|CCCCIQSDILITHMM7PBSLVDT5MISSY7R26MNZXCX4H7J5JQ5FPIYOGYFS
87,GAEFA3JFZP3ELPN7JB5S2VEPKB2ZUBVSYLLTARYEGBDIMXGE4CNJRZQL,account,backstop_attributed,0.0000000,0,9209.8956179,92098956179,0.0000000,0,9209.8956179,92098956179,0.063038032484,1,Fixed,CAJJZSGMMM3PD7N33TAPHGBUGTB43OC73HVIK2L2G6BNGGGYOSSYBXBD
88,GD3NUJ65TMGJ7CKTSABLJ5ZHZP4F4DXHMFDCDL4EJBCFDK4MD6F46K2X,account,backstop_attributed,0.0000000,0,9161.0864025,91610864025,0.0000000,0,9161.0864025,91610864025,0.062703953030,1,Fixed,CAJJZSGMMM3PD7N33TAPHGBUGTB43OC73HVIK2L2G6BNGGGYOSSYBXBD
89,GAFE6HR3CH7ZVBHMC4CZJCBSGM4B24SBS32GYSYEL7SVNF3WFEJGT3MB,account,backstop_attributed,0.0000000,0,9087.6482934,90876482934,0.0000000,0,9087.6482934,90876482934,0.062201298700,2,Etherfuse|Fixed,CDMAVJPFXPADND3YRL4BSM3AKZWCTFMX27GLLXCML3PD62HEQS5FPVAI|CAJJZSGMMM3PD7N33TAPHGBUGTB43OC73HVIK2L2G6BNGGGYOSSYBXBD
90,GBJY7AY5GIEINQXU5W2NBFEMGTFOTB2OTNCCMKSLVIDXS3DMHG56I6XN,account,backstop_attributed,0.0000000,0,8918.0125458,89180125458,0.0000000,0,8918.0125458,89180125458,0.061040210213,2,Fixed|YieldBlox,CAJJZSGMMM3PD7N33TAPHGBUGTB43OC73HVIK2L2G6BNGGGYOSSYBXBD|CCCCIQSDILITHMM7PBSLVDT5MISSY7R26MNZXCX4H7J5JQ5FPIYOGYFS
91,GB2CFKKR76ZTD5PRRDN2Y6NCHRWVLH4ZNRS3PWSY75SK4SFYGIJNYWVQ,account,backstop_attributed,0.0000000,0,8726.6486818,87266486818,0.0000000,0,8726.6486818,87266486818,0.059730401506,1,Fixed,CAJJZSGMMM3PD7N33TAPHGBUGTB43OC73HVIK2L2G6BNGGGYOSSYBXBD
92,GBKOURWF7XDXE4LOON3NPOGRICEGWZCUT2I6SOTLGJQFR3MUANXLOQRC,account,backstop_attributed,0.0000000,0,8717.1701283,87171701283,0.0000000,0,8717.1701283,87171701283,0.059665524618,1,Fixed,CAJJZSGMMM3PD7N33TAPHGBUGTB43OC73HVIK2L2G6BNGGGYOSSYBXBD
93,GB4QXSDFNYCXPSAQUMEV2BFFK4BRAM3KJKE7SS4SJTZKLQIUFT67KB4R,account,backstop_attributed,0.0000000,0,8413.5413735,84135413735,0.0000000,0,8413.5413735,84135413735,0.057587307871,1,Fixed,CAJJZSGMMM3PD7N33TAPHGBUGTB43OC73HVIK2L2G6BNGGGYOSSYBXBD
94,GASIB4EFSNE5DJIZJ5UTFJKR7RPNKKWXPXBQ2RRPWASOCGGKJSCUMHVB,account,backstop_attributed,0.0000000,0,8331.9919811,83319919811,0.0000000,0,8331.9919811,83319919811,0.057029135069,1,Fixed,CAJJZSGMMM3PD7N33TAPHGBUGTB43OC73HVIK2L2G6BNGGGYOSSYBXBD
95,GDLKPOO7W6SOWPEM6WMA6I5EIEHY4BPK3XAWGLOEKQIEHSTXQ2WX3SZ7,account,backstop_attributed,0.0000000,0,8112.7284724,81127284724,0.0000000,0,8112.7284724,81127284724,0.055528364511,1,Fixed,CAJJZSGMMM3PD7N33TAPHGBUGTB43OC73HVIK2L2G6BNGGGYOSSYBXBD
96,GDLOF7T2R4KG5MGJFVAGUZSHI56RPICDB6RT3YJH4K5S6URUTT4GLOYL,account,backstop_attributed,0.0000000,0,7950.8788375,79508788375,0.0000000,0,7950.8788375,79508788375,0.054420568835,2,Fixed|YieldBlox,CAJJZSGMMM3PD7N33TAPHGBUGTB43OC73HVIK2L2G6BNGGGYOSSYBXBD|CCCCIQSDILITHMM7PBSLVDT5MISSY7R26MNZXCX4H7J5JQ5FPIYOGYFS
97,GD2KBXIKQPG2NKZOWPOWIGPC2YELQAEINW4CAMHEDGTKKL7BQG2K27SQ,account,backstop_attributed,0.0000000,0,7774.4451201,77744451201,0.0000000,0,7774.4451201,77744451201,0.053212950978,1,Fixed,CAJJZSGMMM3PD7N33TAPHGBUGTB43OC73HVIK2L2G6BNGGGYOSSYBXBD
98,GDUPNDRCOUBLTU3XP4JNOM7SLAQWJHM43DBZPU3IQ2RPA2WNPJRSDAQM,account,backstop_attributed,0.0000000,0,7447.6133712,74476133712,0.0000000,0,7447.6133712,74476133712,0.050975919066,1,Fixed,CAJJZSGMMM3PD7N33TAPHGBUGTB43OC73HVIK2L2G6BNGGGYOSSYBXBD
99,GAEA5RKUQGTFLDABISBRBX2POCGGNWHNLKVRZWBXM775AT553ORW7CES,account,backstop_attributed,0.0000000,0,7337.7212117,73377212117,0.0000000,0,7337.7212117,73377212117,0.050223751419,1,Fixed,CAJJZSGMMM3PD7N33TAPHGBUGTB43OC73HVIK2L2G6BNGGGYOSSYBXBD
100,GAH4AXT76QELFMSAZSLK7227CVN573JUQ4DF2NDRQV7YEIY3L4URKRTC,account,backstop_attributed,0.0000000,0,7166.6291465,71666291465,0.0000000,0,7166.6291465,71666291465,0.049052695023,1,Fixed,CAJJZSGMMM3PD7N33TAPHGBUGTB43OC73HVIK2L2G6BNGGGYOSSYBXBD
101,GBKX5IU5DRZNVUKA5GTNUPYKOCAPE5SIGATVEV4GFH5U6PRDV3KD7OAU,account,backstop_attributed,0.0000000,0,6909.3006269,69093006269,0.0000000,0,6909.3006269,69093006269,0.047291384771,1,Fixed,CAJJZSGMMM3PD7N33TAPHGBUGTB43OC73HVIK2L2G6BNGGGYOSSYBXBD
102,GA4XQJFTIVONNM2MXU5ICJU2HSRVNK6O45EJO7SJF43OXW4TDWQOQZ4W,account,backstop_attributed,0.0000000,0,6807.1375479,68071375479,0.0000000,0,6807.1375479,68071375479,0.046592119571,2,Fixed|YieldBlox,CAJJZSGMMM3PD7N33TAPHGBUGTB43OC73HVIK2L2G6BNGGGYOSSYBXBD|CCCCIQSDILITHMM7PBSLVDT5MISSY7R26MNZXCX4H7J5JQ5FPIYOGYFS
103,GDU4ICJ4W23A4TPQZ6ORIAL2O7Y6ZG6BWWT4PNCJZEU3JZCFR37HTB4H,account,backstop_attributed,0.0000000,0,6743.6141195,67436141195,0.0000000,0,6743.6141195,67436141195,0.046157327245,1,Fixed,CAJJZSGMMM3PD7N33TAPHGBUGTB43OC73HVIK2L2G6BNGGGYOSSYBXBD
104,GDW7OGVBIKEKP2PM6ITXHGPNAOWFUNWDOD2PPHCMZGBOKDVVP5SKQYH4,account,backstop_attributed,0.0000000,0,6656.9232693,66569232693,0.0000000,0,6656.9232693,66569232693,0.045563963231,1,YieldBlox,CCCCIQSDILITHMM7PBSLVDT5MISSY7R26MNZXCX4H7J5JQ5FPIYOGYFS
105,GAFTKWPXSLKPIJMVGPV6V563ER3PA4QOW4I7UY235FVY7ALC2VEM4TAC,account,backstop_attributed,0.0000000,0,6440.8204857,64408204857,0.0000000,0,6440.8204857,64408204857,0.044084826566,1,Fixed,CAJJZSGMMM3PD7N33TAPHGBUGTB43OC73HVIK2L2G6BNGGGYOSSYBXBD
106,GCU6SLEQWJL7JRNVSR66HLESQRNZZW6TMFAE6W46GG3QH3CRI7X3VRNX,account,backstop_attributed,0.0000000,0,5921.3866494,59213866494,0.0000000,0,5921.3866494,59213866494,0.040529510805,1,Fixed,CAJJZSGMMM3PD7N33TAPHGBUGTB43OC73HVIK2L2G6BNGGGYOSSYBXBD
107,GBOMDHO2SCHUGZD5ZNMOYB5JYCXGH7Y4AJOGJQK4KR5LBZ64RBDGKFDP,account,backstop_attributed,0.0000000,0,5740.5606414,57405606414,0.0000000,0,5740.5606414,57405606414,0.039291829485,2,Fixed|YieldBlox,CAJJZSGMMM3PD7N33TAPHGBUGTB43OC73HVIK2L2G6BNGGGYOSSYBXBD|CCCCIQSDILITHMM7PBSLVDT5MISSY7R26MNZXCX4H7J5JQ5FPIYOGYFS
108,GDO7VAOZL4D2JHIMLXHHIEJM74DH672SPVB2AR3JOMZYDSD5ADIITONY,account,backstop_attributed,0.0000000,0,5733.5121322,57335121322,0.0000000,0,5733.5121322,57335121322,0.039243585273,2,Fixed|YieldBlox,CAJJZSGMMM3PD7N33TAPHGBUGTB43OC73HVIK2L2G6BNGGGYOSSYBXBD|CCCCIQSDILITHMM7PBSLVDT5MISSY7R26MNZXCX4H7J5JQ5FPIYOGYFS
109,GDLADKDLRXC476LBLR7EHSFRANMLYKGQVPPX3LLMXIGBFQAF3QDY2KYG,account,direct,5727.1773735,57271773735,0.0000000,0,0.0000000,0,5727.1773735,57271773735,0.039200226397,0,,
110,GABWDIZNURBP3DQYI7IUXU2GQSSZWY5R6FYDXX5NQ64QEUAUYFEGM57O,account,backstop_attributed,0.0000000,0,4741.0113523,47410113523,0.0000000,0,4741.0113523,47410113523,0.032450316489,1,Fixed,CAJJZSGMMM3PD7N33TAPHGBUGTB43OC73HVIK2L2G6BNGGGYOSSYBXBD
111,GB7DNGF5QPJL57IHIKF4AQJUAR3LH3XLWBG4G26YFSDEFIRBV7ENNEPL,account,backstop_attributed,0.0000000,0,4577.5666410,45775666410,0.0000000,0,4577.5666410,45775666410,0.031331603157,1,Fixed,CAJJZSGMMM3PD7N33TAPHGBUGTB43OC73HVIK2L2G6BNGGGYOSSYBXBD
112,GDXGTS2DLV7N6PT3FFLCQT7SHDKI7TK3PX73P2JFHMU46E3OF2UKKQ44,account,backstop_attributed,0.0000000,0,4564.2969962,45642969962,0.0000000,0,4564.2969962,45642969962,0.031240777773,1,Fixed,CAJJZSGMMM3PD7N33TAPHGBUGTB43OC73HVIK2L2G6BNGGGYOSSYBXBD
113,GBZLNHWNLYXPTCQU7NPCFVDCFDEKCNN4W2DAG6IST3U6YRAO3Y5XUCI3,account,backstop_attributed,0.0000000,0,4397.9435709,43979435709,0.0000000,0,4397.9435709,43979435709,0.030102155463,1,Fixed,CAJJZSGMMM3PD7N33TAPHGBUGTB43OC73HVIK2L2G6BNGGGYOSSYBXBD
114,GDFFMOXN6RMEXQGTXM2KLJMDEIJAYQXH3RPY4RSQI2FPMJURKAKCFXRU,account,backstop_attributed,0.0000000,0,4390.8360102,43908360102,0.0000000,0,4390.8360102,43908360102,0.030053507067,1,Fixed,CAJJZSGMMM3PD7N33TAPHGBUGTB43OC73HVIK2L2G6BNGGGYOSSYBXBD
115,GAJ7BQBEMFJ5P72BRKH32HMBDJFTBTGN55ML6YLO4LR53SE53JJUVM4U,account,backstop_attributed,0.0000000,0,4269.2899044,42692899044,0.0000000,0,4269.2899044,42692899044,0.029221572843,1,Fixed,CAJJZSGMMM3PD7N33TAPHGBUGTB43OC73HVIK2L2G6BNGGGYOSSYBXBD
116,GDWKIITS2K3RDVXPWCN4SZBZV5COEJ5KQ7N3ZK72YXOVEIYDRGSOJ3FJ,account,backstop_attributed,0.0000000,0,4238.5892355,42385892355,0.0000000,0,4238.5892355,42385892355,0.029011439108,1,Fixed,CAJJZSGMMM3PD7N33TAPHGBUGTB43OC73HVIK2L2G6BNGGGYOSSYBXBD
117,GBZ67PL7X7DOVRFE6LXXLX4ELE4JCCQRGIH7ZJB7VKULIAC6FWDLSJF7,account,direct+backstop_attributed,4214.0183488,42140183488,0.5027077,5027077,0.0000000,0,4214.5210565,42145210565,0.028846702100,1,YieldBlox,CCCCIQSDILITHMM7PBSLVDT5MISSY7R26MNZXCX4H7J5JQ5FPIYOGYFS
118,GCASHQQINAHSV6P57D4NPIHDCUF5PO2FAG4NHZ67HS2FDKYABWRCPHKQ,account,backstop_attributed,0.0000000,0,3999.6753728,39996753728,0.0000000,0,3999.6753728,39996753728,0.027376169778,2,Fixed|Forex,CAJJZSGMMM3PD7N33TAPHGBUGTB43OC73HVIK2L2G6BNGGGYOSSYBXBD|CBYOBT7ZCCLQCBUYYIABZLSEGDPEUWXCUXQTZYOG3YBDR7U357D5ZIRF
119,GAIN2HU2ITUZPLGNWSH7JXXROL7MYIWDYXCUQDMQVJXFBEBPETSZYHNF,account,direct,3985.9960731,39859960731,0.0000000,0,0.0000000,0,3985.9960731,39859960731,0.027282540472,0,,
120,GB6G4XAUWPR2GRKZNVU2UFVNSUYJU4YFKYT5MJA234PS5TSCDN4TWLVY,account,backstop_attributed,0.0000000,0,3979.9662675,39799662675,0.0000000,0,3979.9662675,39799662675,0.027241268877,1,Fixed,CAJJZSGMMM3PD7N33TAPHGBUGTB43OC73HVIK2L2G6BNGGGYOSSYBXBD
121,GBBBTXMJCCD34BNLDIVTL72VUYORCDTVCUZBDRGJMFK3Z77HY65UGNFI,account,backstop_attributed,0.0000000,0,3879.0251407,38790251407,0.0000000,0,3879.0251407,38790251407,0.026550367449,1,Fixed,CAJJZSGMMM3PD7N33TAPHGBUGTB43OC73HVIK2L2G6BNGGGYOSSYBXBD
122,GDXRCMW4I5LWAB3DAOJKJNLIT36HCXSAMFNMDVU3BHMD4K4JHZXC75T7,account,backstop_attributed,0.0000000,0,3777.4849689,37774849689,0.0000000,0,3777.4849689,37774849689,0.025855365800,1,Fixed,CAJJZSGMMM3PD7N33TAPHGBUGTB43OC73HVIK2L2G6BNGGGYOSSYBXBD
123,GDJSH2NU2WF6J4P5DL4522DUCABWSTZOKFQ7BHBCFYQ3QKC6FRYWP6OL,account,backstop_attributed,0.0000000,0,3723.9152962,37239152962,0.0000000,0,3723.9152962,37239152962,0.025488702929,3,Fixed|Forex|YieldBlox,CAJJZSGMMM3PD7N33TAPHGBUGTB43OC73HVIK2L2G6BNGGGYOSSYBXBD|CBYOBT7ZCCLQCBUYYIABZLSEGDPEUWXCUXQTZYOG3YBDR7U357D5ZIRF|CCCCIQSDILITHMM7PBSLVDT5MISSY7R26MNZXCX4H7J5JQ5FPIYOGYFS
124,GDEBK36QZ4K73XQFJEMEZDVEAZOOXE6VXAYVBMI63XRO6QDOOTAYXZXU,account,backstop_attributed,0.0000000,0,3710.9006256,37109006256,0.0000000,0,3710.9006256,37109006256,0.025399622741,1,Fixed,CAJJZSGMMM3PD7N33TAPHGBUGTB43OC73HVIK2L2G6BNGGGYOSSYBXBD
125,GA3LI6A422JW3OWRFU6FKD26N3EDAG2OKQ76LX3NAM7XFARTNQE2Y2J6,account,backstop_attributed,0.0000000,0,3418.0714733,34180714733,0.0000000,0,3418.0714733,34180714733,0.023395324931,1,Fixed,CAJJZSGMMM3PD7N33TAPHGBUGTB43OC73HVIK2L2G6BNGGGYOSSYBXBD
126,GDQQBII7E3LJJALSQ2YMOVKV3SJ57XO4YWBDWIPRWEV3HN4P36V642VN,account,backstop_attributed,0.0000000,0,3381.0185822,33810185822,0.0000000,0,3381.0185822,33810185822,0.023141712790,1,Etherfuse,CDMAVJPFXPADND3YRL4BSM3AKZWCTFMX27GLLXCML3PD62HEQS5FPVAI
127,GDH7YKGBMCUQW65HQBDWMGBT6EJ6TAV3GZILBA4W2IIIXK34L5MGXSBA,account,backstop_attributed,0.0000000,0,3371.9238660,33719238660,0.0000000,0,3371.9238660,33719238660,0.023079463114,1,Fixed,CAJJZSGMMM3PD7N33TAPHGBUGTB43OC73HVIK2L2G6BNGGGYOSSYBXBD
128,GBCCLRP6NANKNJ5X5FGKUNECCBLZ5G7E2AEJHDBRZP4WPZWHV6B7HQVJ,account,backstop_attributed,0.0000000,0,3358.6417493,33586417493,0.0000000,0,3358.6417493,33586417493,0.022988552366,1,Fixed,CAJJZSGMMM3PD7N33TAPHGBUGTB43OC73HVIK2L2G6BNGGGYOSSYBXBD
129,GBPUFOPDVPGM56MIO4KYSNV2N4XLYBZAXL6QMD75JWG7GC5L6ANFSYBL,account,direct,3082.4308547,30824308547,0.0000000,0,0.0000000,0,3082.4308547,30824308547,0.021097999848,0,,
130,GAYJJLHV2QQ4W4UKLQI4AKNBVMMJDK24IKYVE253FYNDN4YZMRV42HS5,account,direct+backstop_attributed,2993.8664587,29938664587,80.1362136,801362136,0.0000000,0,3074.0026723,30740026723,0.021040312328,1,YieldBlox,CCCCIQSDILITHMM7PBSLVDT5MISSY7R26MNZXCX4H7J5JQ5FPIYOGYFS
131,GAXY566E3ZQBXOGFEX7VTZZO2ZUBZMZKYDJYGYR2WBT7VWHX3ZERKGYN,account,backstop_attributed,0.0000000,0,3073.0141076,30730141076,0.0000000,0,3073.0141076,30730141076,0.021033546000,1,Fixed,CAJJZSGMMM3PD7N33TAPHGBUGTB43OC73HVIK2L2G6BNGGGYOSSYBXBD
132,GDZJGEJ3GUMDFYMBIE54G4MWCNCSSIWIDAWUKFKZPQ6BMDOM72V3WRB5,account,backstop_attributed,0.0000000,0,2723.5066039,27235066039,0.0000000,0,2723.5066039,27235066039,0.018641307664,1,Fixed,CAJJZSGMMM3PD7N33TAPHGBUGTB43OC73HVIK2L2G6BNGGGYOSSYBXBD
133,GDFV3BOYPH4WL52WZNYY5S3G7FTJZIZY7U2LSHQGUZNDHYGD6XJB7E2M,account,direct+backstop_attributed,501.2020187,5012020187,2137.2267316,21372267316,0.0000000,0,2638.4287503,26384287503,0.018058983963,1,Fixed,CAJJZSGMMM3PD7N33TAPHGBUGTB43OC73HVIK2L2G6BNGGGYOSSYBXBD
134,GAUNEBFNFBUAOM2T6CLV3AAXD2LLRRF7CFXBWHY3JZ5SJ3IQ6G3UUILX,account,backstop_attributed,0.0000000,0,2502.3392824,25023392824,0.0000000,0,2502.3392824,25023392824,0.017127506273,1,Fixed,CAJJZSGMMM3PD7N33TAPHGBUGTB43OC73HVIK2L2G6BNGGGYOSSYBXBD
135,GDVO2AARC25LGTMOLVKCNDY3F2KHQ6D6Y7VGWYYY3S3P36XTV2WKGTMV,account,backstop_attributed,0.0000000,0,2448.6240628,24486240628,0.0000000,0,2448.6240628,24486240628,0.016759847192,1,Fixed,CAJJZSGMMM3PD7N33TAPHGBUGTB43OC73HVIK2L2G6BNGGGYOSSYBXBD
136,GAAXA5VR2W3R6RW57TLH73LYKCSZAFOOPBMCPUT7TBJSVXC34ULVNXNV,account,backstop_attributed,0.0000000,0,2445.6386938,24456386938,0.0000000,0,2445.6386938,24456386938,0.016739413541,1,Fixed,CAJJZSGMMM3PD7N33TAPHGBUGTB43OC73HVIK2L2G6BNGGGYOSSYBXBD
137,GAEVKTD2CL3MPPQBUSYJERWWRVPGFGBLXNFQXDVOD2YEILOP6OPJXDNV,account,backstop_attributed,0.0000000,0,2391.6214211,23916214211,0.0000000,0,2391.6214211,23916214211,0.016369687029,2,Fixed|YieldBlox,CAJJZSGMMM3PD7N33TAPHGBUGTB43OC73HVIK2L2G6BNGGGYOSSYBXBD|CCCCIQSDILITHMM7PBSLVDT5MISSY7R26MNZXCX4H7J5JQ5FPIYOGYFS
138,GBHT5GRGCZOV3XHVEOQGZDF25FWLKZTNYFCQIBRYPBNEA7SR3ZMG2AMW,account,backstop_attributed,0.0000000,0,2373.2513673,23732513673,0.0000000,0,2373.2513673,23732513673,0.016243951396,1,Fixed,CAJJZSGMMM3PD7N33TAPHGBUGTB43OC73HVIK2L2G6BNGGGYOSSYBXBD
139,GAUNQMIH6WOF7CRZWBTHIU4EZFOQEJSJE4PGXY673EFRCJKEQEXNNRPK,account,backstop_attributed,0.0000000,0,2308.5575655,23085575655,0.0000000,0,2308.5575655,23085575655,0.015801148334,2,Fixed|YieldBlox,CAJJZSGMMM3PD7N33TAPHGBUGTB43OC73HVIK2L2G6BNGGGYOSSYBXBD|CCCCIQSDILITHMM7PBSLVDT5MISSY7R26MNZXCX4H7J5JQ5FPIYOGYFS
140,GBMYD7BFSJEPRRQX4VJTUORRQONV4BETTRK3IL6UZROSP3QJJNBEYOA7,account,backstop_attributed,0.0000000,0,2151.8109265,21518109265,0.0000000,0,2151.8109265,21518109265,0.014728280614,1,Fixed,CAJJZSGMMM3PD7N33TAPHGBUGTB43OC73HVIK2L2G6BNGGGYOSSYBXBD
141,GAQ25ZOJ3RPBTZLRVEHHXV7EGUQCDCS5Y7GXUDWJZZXLC6N5I3U3EGK2,account,backstop_attributed,0.0000000,0,2149.1854543,21491854543,0.0000000,0,2149.1854543,21491854543,0.014710310312,1,Fixed,CAJJZSGMMM3PD7N33TAPHGBUGTB43OC73HVIK2L2G6BNGGGYOSSYBXBD
142,GDDVWZQIFSSZYXVYSHPJS4OCMCTAV524JXRQZRRK6GHQIPRII532H2Q4,account,backstop_attributed,0.0000000,0,2109.4713490,21094713490,0.0000000,0,2109.4713490,21094713490,0.014438483229,1,Fixed,CAJJZSGMMM3PD7N33TAPHGBUGTB43OC73HVIK2L2G6BNGGGYOSSYBXBD
143,GD66S6GSKYTXZ5BT4RIYTBEBOE7WBPNIJB62SLYCAJNKDUS6F67SCEUI,account,backstop_attributed,0.0000000,0,2094.6056510,20946056510,0.0000000,0,2094.6056510,20946056510,0.014336733503,1,Fixed,CAJJZSGMMM3PD7N33TAPHGBUGTB43OC73HVIK2L2G6BNGGGYOSSYBXBD
144,GCJ5SLDGO4MUP6ATCD6C42V74S5N2YLNPX77C7YY7G72EOVYIIHAXDN3,account,backstop_attributed,0.0000000,0,2086.9473857,20869473857,0.0000000,0,2086.9473857,20869473857,0.014284315756,2,Fixed|YieldBlox,CAJJZSGMMM3PD7N33TAPHGBUGTB43OC73HVIK2L2G6BNGGGYOSSYBXBD|CCCCIQSDILITHMM7PBSLVDT5MISSY7R26MNZXCX4H7J5JQ5FPIYOGYFS
145,GD55EXGLJLE43QGBKBW66XDAGMOFR4O7WATITQH3JEF2VJ4IP55W4UF3,account,backstop_attributed,0.0000000,0,2058.7230540,20587230540,0.0000000,0,2058.7230540,20587230540,0.014091131554,1,Fixed,CAJJZSGMMM3PD7N33TAPHGBUGTB43OC73HVIK2L2G6BNGGGYOSSYBXBD
146,GBE4FY6RLT4KYM35MR47ZXATCG67ONZ7VKESEMHFPF2QF3VVHV2QM6L2,account,backstop_attributed,0.0000000,0,2038.3282493,20383282493,0.0000000,0,2038.3282493,20383282493,0.013951537316,1,YieldBlox,CCCCIQSDILITHMM7PBSLVDT5MISSY7R26MNZXCX4H7J5JQ5FPIYOGYFS
147,GAK5VU3VPVI5GXKUV5AKCXJEOWOXPCGLXTSTZ53JGRCK3KN5ISFXTCOQ,account,backstop_attributed,0.0000000,0,2008.7879842,20087879842,0.0000000,0,2008.7879842,20087879842,0.013749346079,1,Fixed,CAJJZSGMMM3PD7N33TAPHGBUGTB43OC73HVIK2L2G6BNGGGYOSSYBXBD
148,GCMMBHV4NBHZYQIQP5E2XLS63JGIDBUKMIPVAGRD3UM67ULCXHSG74A4,account,backstop_attributed,0.0000000,0,1929.3377367,19293377367,0.0000000,0,1929.3377367,19293377367,0.013205541079,2,Fixed|YieldBlox,CAJJZSGMMM3PD7N33TAPHGBUGTB43OC73HVIK2L2G6BNGGGYOSSYBXBD|CCCCIQSDILITHMM7PBSLVDT5MISSY7R26MNZXCX4H7J5JQ5FPIYOGYFS
149,GDEO5NUDIUGNDS5FDB2DUNZSAB4OD6JXMJM4NVJPIRDKOXU6O76WRC3H,account,backstop_attributed,0.0000000,0,1922.9695202,19229695202,0.0000000,0,1922.9695202,19229695202,0.013161953198,1,YieldBlox,CCCCIQSDILITHMM7PBSLVDT5MISSY7R26MNZXCX4H7J5JQ5FPIYOGYFS
150,GCELQZQAR6QSCKDGVVZOBHABF2DYDDQDEBJ3FME43EIP3NQSIKOR3ZWQ,account,backstop_attributed,0.0000000,0,1863.4169812,18634169812,0.0000000,0,1863.4169812,18634169812,0.012754340012,1,Fixed,CAJJZSGMMM3PD7N33TAPHGBUGTB43OC73HVIK2L2G6BNGGGYOSSYBXBD
151,GCR4YGEKCUBQLOCQ4AXOGKZL3XQRKSY52ATG26L6PEJH3OZOFYNC6UZB,account,backstop_attributed,0.0000000,0,1839.5974641,18395974641,0.0000000,0,1839.5974641,18395974641,0.012591304995,2,Fixed|YieldBlox,CAJJZSGMMM3PD7N33TAPHGBUGTB43OC73HVIK2L2G6BNGGGYOSSYBXBD|CCCCIQSDILITHMM7PBSLVDT5MISSY7R26MNZXCX4H7J5JQ5FPIYOGYFS
152,GD4OIBG6QDXOKEVA7E6FWAMXIMIUES7FTKD5TLVBFQXSEAVLCHXT453F,account,backstop_attributed,0.0000000,0,1806.6815377,18066815377,0.0000000,0,1806.6815377,18066815377,0.012366008713,1,Fixed,CAJJZSGMMM3PD7N33TAPHGBUGTB43OC73HVIK2L2G6BNGGGYOSSYBXBD
153,GBWN3I4L6KABFSSJB6WHRXT5CQGW3PY5RG3QCGKGQVGSR7QEJMOQJBEV,account,backstop_attributed,0.0000000,0,1765.0166527,17650166527,0.0000000,0,1765.0166527,17650166527,0.012080829328,1,Fixed,CAJJZSGMMM3PD7N33TAPHGBUGTB43OC73HVIK2L2G6BNGGGYOSSYBXBD
154,GCZNSVG3RKE7YF3DWK45MWK6ADIXDE3SKAUWOEJOY2WZSZY6H5VPT24K,account,backstop_attributed,0.0000000,0,1753.5707039,17535707039,0.0000000,0,1753.5707039,17535707039,0.012002486410,1,Fixed,CAJJZSGMMM3PD7N33TAPHGBUGTB43OC73HVIK2L2G6BNGGGYOSSYBXBD
155,GA6L2HMDXVTV7C2ONSCITALK2XUMFVLM5CVGAYZ6WOTUU47F24FURFPJ,account,backstop_attributed,0.0000000,0,1715.2085721,17152085721,0.0000000,0,1715.2085721,17152085721,0.011739913042,2,Fixed|YieldBlox,CAJJZSGMMM3PD7N33TAPHGBUGTB43OC73HVIK2L2G6BNGGGYOSSYBXBD|CCCCIQSDILITHMM7PBSLVDT5MISSY7R26MNZXCX4H7J5JQ5FPIYOGYFS
156,GANMIQKRY5IBWVW2LRSQENMM2QMYBZCA7JYDRKMLQFS5PRV34ZDWQBRO,account,backstop_attributed,0.0000000,0,1613.3991598,16133991598,0.0000000,0,1613.3991598,16133991598,0.011043068549,1,Fixed,CAJJZSGMMM3PD7N33TAPHGBUGTB43OC73HVIK2L2G6BNGGGYOSSYBXBD
157,GCDNQRAMHQF3PFM6YFKCFNDKSQH7RUVH43ENC2S4P6FSFY7KB5VQJURF,account,backstop_attributed,0.0000000,0,1503.3638337,15033638337,0.0000000,0,1503.3638337,15033638337,0.010289920984,1,Fixed,CAJJZSGMMM3PD7N33TAPHGBUGTB43OC73HVIK2L2G6BNGGGYOSSYBXBD
158,GBM5OQN7TITF7PIZEPE7M7IHMX5YIHIRBH4M4MNLBY7CAROH2RTR233A,account,backstop_attributed,0.0000000,0,1497.4922519,14974922519,0.0000000,0,1497.4922519,14974922519,0.010249732368,1,Fixed,CAJJZSGMMM3PD7N33TAPHGBUGTB43OC73HVIK2L2G6BNGGGYOSSYBXBD
159,GDWERO74NNU4DMLRK4R7DNLGC54QZZW5XYAU3ID44OORT6DYGRXQJCYO,account,backstop_attributed,0.0000000,0,1438.8959495,14388959495,0.0000000,0,1438.8959495,14388959495,0.009848664237,1,Fixed,CAJJZSGMMM3PD7N33TAPHGBUGTB43OC73HVIK2L2G6BNGGGYOSSYBXBD
160,GDLY224BPMQKXD37H2UE4ODCYVLNA7T5SJAPRFRHHMYDY6RAGYGKW3HF,account,backstop_attributed,0.0000000,0,1392.3355730,13923355730,0.0000000,0,1392.3355730,13923355730,0.009529977181,1,Fixed,CAJJZSGMMM3PD7N33TAPHGBUGTB43OC73HVIK2L2G6BNGGGYOSSYBXBD
161,GCFUKAAGICVWV4ZHFSJEC5OYVBUJSAJCTLZF7MO3HKCB3GTTWW57IGOY,account,backstop_attributed,0.0000000,0,1328.8457137,13288457137,0.0000000,0,1328.8457137,13288457137,0.009095414621,1,YieldBlox,CCCCIQSDILITHMM7PBSLVDT5MISSY7R26MNZXCX4H7J5JQ5FPIYOGYFS
162,GA7UMBA276ZRNYY6GAII4NVBI7Y6ZPGUL4JGDBH7BAEULUO7OAL7SQEY,account,backstop_attributed,0.0000000,0,1295.9994793,12959994793,0.0000000,0,1295.9994793,12959994793,0.008870595353,1,Fixed,CAJJZSGMMM3PD7N33TAPHGBUGTB43OC73HVIK2L2G6BNGGGYOSSYBXBD
163,GC626ZRISBXL2GFD3QGLNHWCK7TTY2ZNBYSDEEUKGGZUQLSXGVLFIIKH,account,backstop_attributed,0.0000000,0,1223.9248279,12239248279,0.0000000,0,1223.9248279,12239248279,0.008377273343,1,Fixed,CAJJZSGMMM3PD7N33TAPHGBUGTB43OC73HVIK2L2G6BNGGGYOSSYBXBD
164,GA7GJDTBJ7Y6TC6T22UUXFCPHQUMGP57YQ5X3NDKWEPUFBKQGPGGTVOF,account,direct+backstop_attributed,338.1050421,3381050421,872.0343303,8720343303,0.0000000,0,1210.1393724,12101393724,0.008282917443,2,Fixed|YieldBlox,CAJJZSGMMM3PD7N33TAPHGBUGTB43OC73HVIK2L2G6BNGGGYOSSYBXBD|CCCCIQSDILITHMM7PBSLVDT5MISSY7R26MNZXCX4H7J5JQ5FPIYOGYFS
165,GAD2NZH7LOFMGEMXAMZBHKNQNJRMGUMZPA27HNETT66KVS7DZMH2C4PW,account,backstop_attributed,0.0000000,0,1199.3161192,11993161192,0.0000000,0,1199.3161192,11993161192,0.008208836627,3,Etherfuse|Fixed|YieldBlox,CDMAVJPFXPADND3YRL4BSM3AKZWCTFMX27GLLXCML3PD62HEQS5FPVAI|CAJJZSGMMM3PD7N33TAPHGBUGTB43OC73HVIK2L2G6BNGGGYOSSYBXBD|CCCCIQSDILITHMM7PBSLVDT5MISSY7R26MNZXCX4H7J5JQ5FPIYOGYFS
166,GCXJPN7OAV53YWVOB7K57FB7VDRCJR4ZZWPAM4KNVDXTWXVTSHF7UK2C,account,backstop_attributed,0.0000000,0,1157.9306025,11579306025,0.0000000,0,1157.9306025,11579306025,0.007925569405,1,Fixed,CAJJZSGMMM3PD7N33TAPHGBUGTB43OC73HVIK2L2G6BNGGGYOSSYBXBD
167,GCKBNEKIMERQUCISQBDAALFZ7U3FXALUZDJMQNSL3PK4HAYBIW5MHOOT,account,backstop_attributed,0.0000000,0,1125.2472360,11252472360,0.0000000,0,1125.2472360,11252472360,0.007701864902,1,Fixed,CAJJZSGMMM3PD7N33TAPHGBUGTB43OC73HVIK2L2G6BNGGGYOSSYBXBD
168,GBPJ2YBLYTXH2VLSEHFAYAOVEFGA62PTLPYKIMTJXV4KPU4WN2ICCOR4,account,backstop_attributed,0.0000000,0,1058.4647260,10584647260,0.0000000,0,1058.4647260,10584647260,0.007244765472,1,Fixed,CAJJZSGMMM3PD7N33TAPHGBUGTB43OC73HVIK2L2G6BNGGGYOSSYBXBD
169,GCI5XB4IUD42BPV7IMPELNQ6QK7ZRRI4VORLU4CLQQAQYWTHT26XUSRM,account,backstop_attributed,0.0000000,0,1056.0613499,10560613499,0.0000000,0,1056.0613499,10560613499,0.007228315329,1,Fixed,CAJJZSGMMM3PD7N33TAPHGBUGTB43OC73HVIK2L2G6BNGGGYOSSYBXBD
170,GD7N5NXCQGI7KTXQUT2S6N7RO4SH42ZKTMJMQTBA5QRLVADIHBABFEZ3,account,backstop_attributed,0.0000000,0,988.0615853,9880615853,0.0000000,0,988.0615853,9880615853,0.006762884281,1,Fixed,CAJJZSGMMM3PD7N33TAPHGBUGTB43OC73HVIK2L2G6BNGGGYOSSYBXBD
171,GBZO5Q5XWPMGM2CSWYSZT6WHLQNOYKES5TL47ILKBSEI3US2R3YVGQNY,account,backstop_attributed,0.0000000,0,939.4508517,9394508517,0.0000000,0,939.4508517,9394508517,0.006430163355,1,Fixed,CAJJZSGMMM3PD7N33TAPHGBUGTB43OC73HVIK2L2G6BNGGGYOSSYBXBD
172,GD2OKD73SK7OHBSJNOMJ3TFZ6HVSXSEQCZGA5NCWGWDOO6QCB277PQ2Q,account,direct+backstop_attributed,898.4210048,8984210048,0.1071763,1071763,0.0000000,0,898.5281811,8985281811,0.006150064128,1,YieldBlox,CCCCIQSDILITHMM7PBSLVDT5MISSY7R26MNZXCX4H7J5JQ5FPIYOGYFS
173,GDRMYULJE6RYC3WKRKVKFXYBTXMKDOXUXBXQITX7CB7DWZQAQWMGMTCE,account,backstop_attributed,0.0000000,0,876.3264351,8763264351,0.0000000,0,876.3264351,8763264351,0.005998102103,1,Fixed,CAJJZSGMMM3PD7N33TAPHGBUGTB43OC73HVIK2L2G6BNGGGYOSSYBXBD
174,GAYBKMYJORD53T5ZKG2AARH7HV2SY5RJGXMJBXZCX5GGGXT6YDIX6JD4,account,backstop_attributed,0.0000000,0,867.2205154,8672205154,0.0000000,0,867.2205154,8672205154,0.005935775744,1,Fixed,CAJJZSGMMM3PD7N33TAPHGBUGTB43OC73HVIK2L2G6BNGGGYOSSYBXBD
175,GDXQ7PQUGQMF2BQUOO4HN5KLCKDCOEFB6WQVBR3AS5Z4RFRRVAIBO2SW,account,backstop_attributed,0.0000000,0,861.8902554,8618902554,0.0000000,0,861.8902554,8618902554,0.005899292258,1,Fixed,CAJJZSGMMM3PD7N33TAPHGBUGTB43OC73HVIK2L2G6BNGGGYOSSYBXBD
176,GDQ2FWSVHOPFN25RYZ3QMA577HLSZZ5XOPXFJT4624CPDMPPPS43DZRK,account,backstop_attributed,0.0000000,0,859.6655823,8596655823,0.0000000,0,859.6655823,8596655823,0.005884065265,1,Fixed,CAJJZSGMMM3PD7N33TAPHGBUGTB43OC73HVIK2L2G6BNGGGYOSSYBXBD
177,GDUNI72QSE7X4L3E2JB737UABNDBEBSD3NBDWLIX52FCGJ4PIZZQ6FKW,account,backstop_attributed,0.0000000,0,848.7524591,8487524591,0.0000000,0,848.7524591,8487524591,0.005809369324,1,Fixed,CAJJZSGMMM3PD7N33TAPHGBUGTB43OC73HVIK2L2G6BNGGGYOSSYBXBD
178,GDOPU76JQIWCEO7K2MWHC6QKI3JTR6DX6KZUQF2KR53MWAEFKL5ZUDFV,account,backstop_attributed,0.0000000,0,822.2644369,8222644369,0.0000000,0,822.2644369,8222644369,0.005628069463,1,Fixed,CAJJZSGMMM3PD7N33TAPHGBUGTB43OC73HVIK2L2G6BNGGGYOSSYBXBD
179,GB7CKQ6RDEZAG7A2MZU7AQL6FHMKVUSFYZ3FECFHZBYKKJF6HI6JA33S,account,backstop_attributed,0.0000000,0,818.1604773,8181604773,0.0000000,0,818.1604773,8181604773,0.005599979509,1,Fixed,CAJJZSGMMM3PD7N33TAPHGBUGTB43OC73HVIK2L2G6BNGGGYOSSYBXBD
180,GD6QWNATHU2ZMRPO5KJJ46FWCQ2OXGOMP22GTEUHUO2CIJJM6TQK46FW,account,backstop_attributed,0.0000000,0,817.1447364,8171447364,0.0000000,0,817.1447364,8171447364,0.005593027171,1,Fixed,CAJJZSGMMM3PD7N33TAPHGBUGTB43OC73HVIK2L2G6BNGGGYOSSYBXBD
181,GD74ZN47X5TTKNBWSLY7W34TH5DHO6HPEBVB37FZZ3KBNOD7RKGAQFMK,account,backstop_attributed,0.0000000,0,811.9132493,8119132493,0.0000000,0,811.9132493,8119132493,0.005557219745,1,Fixed,CAJJZSGMMM3PD7N33TAPHGBUGTB43OC73HVIK2L2G6BNGGGYOSSYBXBD
182,GCLEXQSBHGXMAQ2VO332GZ74XP7FHFY54AQ63YLKSGJAYZECZKCHB4AT,account,backstop_attributed,0.0000000,0,793.2492123,7932492123,0.0000000,0,793.2492123,7932492123,0.005429471916,1,Fixed,CAJJZSGMMM3PD7N33TAPHGBUGTB43OC73HVIK2L2G6BNGGGYOSSYBXBD
183,GASAXWRQCKI5RRLBMFMUOV342DY4TKJM6DE6HZMLGOPKMZLKK43MMDXP,account,backstop_attributed,0.0000000,0,786.9959784,7869959784,0.0000000,0,786.9959784,7869959784,0.005386671044,3,Etherfuse|Fixed|Forex,CDMAVJPFXPADND3YRL4BSM3AKZWCTFMX27GLLXCML3PD62HEQS5FPVAI|CAJJZSGMMM3PD7N33TAPHGBUGTB43OC73HVIK2L2G6BNGGGYOSSYBXBD|CBYOBT7ZCCLQCBUYYIABZLSEGDPEUWXCUXQTZYOG3YBDR7U357D5ZIRF
184,GCGTA4E6CV6HQWHW6X4BBE526ZK2QRRCRBVFUQZ2N6BYH5C4JMO7VOB7,account,backstop_attributed,0.0000000,0,786.3464666,7863464666,0.0000000,0,786.3464666,7863464666,0.005382225397,1,Fixed,CAJJZSGMMM3PD7N33TAPHGBUGTB43OC73HVIK2L2G6BNGGGYOSSYBXBD
185,GD6XSMQJ47EHHJOWXQOND5YDVZC37JWZJHYHBKE6QJFSLLJ5KQXM5QS5,account,backstop_attributed,0.0000000,0,769.0607700,7690607700,0.0000000,0,769.0607700,7690607700,0.005263911754,2,Etherfuse|Fixed,CDMAVJPFXPADND3YRL4BSM3AKZWCTFMX27GLLXCML3PD62HEQS5FPVAI|CAJJZSGMMM3PD7N33TAPHGBUGTB43OC73HVIK2L2G6BNGGGYOSSYBXBD
186,GCAUTOR5KRMXWNYWRRKNFVVHQYTGR6DARBKWL24RKDR7JCVSI6VLJUI3,account,backstop_attributed,0.0000000,0,767.3208333,7673208333,0.0000000,0,767.3208333,7673208333,0.005252002587,2,Fixed|YieldBlox,CAJJZSGMMM3PD7N33TAPHGBUGTB43OC73HVIK2L2G6BNGGGYOSSYBXBD|CCCCIQSDILITHMM7PBSLVDT5MISSY7R26MNZXCX4H7J5JQ5FPIYOGYFS
187,GCROWNS72X3DJ65PLKFT3ATWFCKBR4WLSOGAR6NGKN3NV3I67FINBEAR,account,backstop_attributed,0.0000000,0,748.2033647,7482033647,0.0000000,0,748.2033647,7482033647,0.005121151201,1,YieldBlox,CCCCIQSDILITHMM7PBSLVDT5MISSY7R26MNZXCX4H7J5JQ5FPIYOGYFS
188,GATFD6DPZ7SQGWEUBKXO5WCKCRWKCI5NE6H3KYY3NWYBZB74SVPGWEGN,account,direct+backstop_attributed,53.1029743,531029743,681.0517135,6810517135,0.0000000,0,734.1546878,7341546878,0.005024993656,1,Fixed,CAJJZSGMMM3PD7N33TAPHGBUGTB43OC73HVIK2L2G6BNGGGYOSSYBXBD
189,GDNREBWS4RV6TJIG67D7GENUYXXALGIECEODEOY5HRYMEWBGJGQTXUHW,account,direct+backstop_attributed,62.0947581,620947581,641.2023477,6412023477,0.0000000,0,703.2971058,7032971058,0.004813785914,2,Fixed|YieldBlox,CAJJZSGMMM3PD7N33TAPHGBUGTB43OC73HVIK2L2G6BNGGGYOSSYBXBD|CCCCIQSDILITHMM7PBSLVDT5MISSY7R26MNZXCX4H7J5JQ5FPIYOGYFS
190,GAYO3E3XPRY2E45CI6WVC2TKV32E5SDQQWVKNKPQJVNCGXUW3ZVFXFQ3,account,backstop_attributed,0.0000000,0,695.1970950,6951970950,0.0000000,0,695.1970950,6951970950,0.004758344597,1,Fixed,CAJJZSGMMM3PD7N33TAPHGBUGTB43OC73HVIK2L2G6BNGGGYOSSYBXBD
191,GBCRDN4B6KY456PNKGPTB7OJXEHOBMMZ6EQ23TIRBMIXZUUJODL5RDYM,account,backstop_attributed,0.0000000,0,683.3886691,6833886691,0.0000000,0,683.3886691,6833886691,0.004677520670,2,Fixed|YieldBlox,CAJJZSGMMM3PD7N33TAPHGBUGTB43OC73HVIK2L2G6BNGGGYOSSYBXBD|CCCCIQSDILITHMM7PBSLVDT5MISSY7R26MNZXCX4H7J5JQ5FPIYOGYFS
192,GD4FPIU7SHTOPO2KFDNWUPFW2C6Z2JGDTFDLEDNT5JON2HBK6Q7HN3DV,account,backstop_attributed,0.0000000,0,660.8972582,6608972582,0.0000000,0,660.8972582,6608972582,0.004523576005,1,Fixed,CAJJZSGMMM3PD7N33TAPHGBUGTB43OC73HVIK2L2G6BNGGGYOSSYBXBD
193,GC5HTG6WYTMW4LOJF7IM7TEGIKP6ZY2K7L4HGNQDF7GSJRA5CS5QB2A5,account,backstop_attributed,0.0000000,0,623.6684150,6236684150,0.0000000,0,623.6684150,6236684150,0.004268759542,1,Fixed,CAJJZSGMMM3PD7N33TAPHGBUGTB43OC73HVIK2L2G6BNGGGYOSSYBXBD
194,GCUXQ2D6IQMTLDUFBCDJ5LY2ALY3AJFOQPPJ4BL2B2SIRDGFG3KH7V3U,account,backstop_attributed,0.0000000,0,561.8213808,5618213808,0.0000000,0,561.8213808,5618213808,0.003845441460,1,Fixed,CAJJZSGMMM3PD7N33TAPHGBUGTB43OC73HVIK2L2G6BNGGGYOSSYBXBD
195,GD25WGXPNX74NJHXOD4YMEEW3WWA6GR67TNYGPME3HPIEN3QLMRLFQV7,account,backstop_attributed,0.0000000,0,560.2559686,5602559686,0.0000000,0,560.2559686,5602559686,0.003834726843,1,Fixed,CAJJZSGMMM3PD7N33TAPHGBUGTB43OC73HVIK2L2G6BNGGGYOSSYBXBD
196,GCQMY25BMVCTFD55BJ2NADQS4RFZOYDHS37DD6FLRH2PYXSTP32MAFZD,account,backstop_attributed,0.0000000,0,551.5111740,5515111740,0.0000000,0,551.5111740,5515111740,0.003774872240,1,Fixed,CAJJZSGMMM3PD7N33TAPHGBUGTB43OC73HVIK2L2G6BNGGGYOSSYBXBD
197,GBP5SEQK5BJZNUMJD5CZ7NTP3BCX7NXFPJEEYPQF55GSNJXJA2DMRFJP,account,backstop_attributed,0.0000000,0,504.7116614,5047116614,0.0000000,0,504.7116614,5047116614,0.003454548393,1,Orbit,CAE7QVOMBLZ53CDRGK3UNRRHG5EZ5NQA7HHTFASEMYBWHG6MDFZTYHXC
198,GAXMNHRN3LGE72DECAZIHKWDX6ITPO6IMUB7XJRUGDP4AHGBHWPD75YL,account,backstop_attributed,0.0000000,0,467.1777438,4671777438,0.0000000,0,467.1777438,4671777438,0.003197643818,1,Fixed,CAJJZSGMMM3PD7N33TAPHGBUGTB43OC73HVIK2L2G6BNGGGYOSSYBXBD
199,GABX66IJGCEZC77VHHVSRUVN2NMFT256K2HNIGQD5DTZMJVEYE5K5GC4,account,backstop_attributed,0.0000000,0,438.2913957,4382913957,0.0000000,0,438.2913957,4382913957,0.002999928379,1,Fixed,CAJJZSGMMM3PD7N33TAPHGBUGTB43OC73HVIK2L2G6BNGGGYOSSYBXBD
200,GBOYKBTFCAVPWRKCHPRWRCDTTFLEWHYWI56X5F56J4F6RWJ6KLR4M5ZG,account,backstop_attributed,0.0000000,0,435.4064374,4354064374,0.0000000,0,435.4064374,4354064374,0.002980182000,1,Fixed,CAJJZSGMMM3PD7N33TAPHGBUGTB43OC73HVIK2L2G6BNGGGYOSSYBXBD
201,GDCXLIKTW5AFX4TBQSELDVXESKGODYVZVXDXVP2HWZH3QFUD6DCVVCY5,account,direct+backstop_attributed,433.4871047,4334871047,0.0517124,517124,0.0000000,0,433.5388171,4335388171,0.002967398890,1,YieldBlox,CCCCIQSDILITHMM7PBSLVDT5MISSY7R26MNZXCX4H7J5JQ5FPIYOGYFS
202,GDFUZMY462HQXNGZXE6Y53LGUF4CMML2AU37C2RTFPT4XUFM25ZIFK7B,account,backstop_attributed,0.0000000,0,421.8915753,4218915753,0.0000000,0,421.8915753,4218915753,0.002887678203,1,Fixed,CAJJZSGMMM3PD7N33TAPHGBUGTB43OC73HVIK2L2G6BNGGGYOSSYBXBD
203,GBEXED74JAQ6LBTDFOKIITCEZLUU5T2W7J6MWJVR6QL5QMTMFCC5Z7ZJ,account,backstop_attributed,0.0000000,0,417.9850014,4179850014,0.0000000,0,417.9850014,4179850014,0.002860939275,1,Fixed,CAJJZSGMMM3PD7N33TAPHGBUGTB43OC73HVIK2L2G6BNGGGYOSSYBXBD
204,GDVXSVJ6O45JEWVSTPL5H3BSCLZSF6Z72NFMXHYFKWA2C7IELXFQKMYN,account,backstop_attributed,0.0000000,0,408.8677800,4088677800,0.0000000,0,408.8677800,4088677800,0.002798535560,1,Fixed,CAJJZSGMMM3PD7N33TAPHGBUGTB43OC73HVIK2L2G6BNGGGYOSSYBXBD
205,GA4LVBBHFJ2KYR56LDIGTGI3KGFUSM5CJ266RAPOMSOGAVIVYHOFQF5B,account,backstop_attributed,0.0000000,0,407.9613385,4079613385,0.0000000,0,407.9613385,4079613385,0.002792331333,1,Fixed,CAJJZSGMMM3PD7N33TAPHGBUGTB43OC73HVIK2L2G6BNGGGYOSSYBXBD
206,GAB7QWJFSZD32G3MTWEJC7MHLRYHVRDQAKRWAAPKZI7NJTZCW2NVNHA6,account,backstop_attributed,0.0000000,0,402.9388155,4029388155,0.0000000,0,402.9388155,4029388155,0.002757954182,1,Fixed,CAJJZSGMMM3PD7N33TAPHGBUGTB43OC73HVIK2L2G6BNGGGYOSSYBXBD
207,GAN2FWNA2YUMUFLWBF3QKV34UZ4MK7VQ5NE2LNRUBQ3D3NNMYBP6ZIXR,account,backstop_attributed,0.0000000,0,402.7325514,4027325514,0.0000000,0,402.7325514,4027325514,0.002756542387,1,Fixed,CAJJZSGMMM3PD7N33TAPHGBUGTB43OC73HVIK2L2G6BNGGGYOSSYBXBD
208,GDMOYTT33DVR5W43DSHAFMKE2A57K75JRDZZKXTWUODQYRXIOMVUGPDK,account,backstop_attributed,0.0000000,0,400.2018564,4002018564,0.0000000,0,400.2018564,4002018564,0.002739220798,1,Fixed,CAJJZSGMMM3PD7N33TAPHGBUGTB43OC73HVIK2L2G6BNGGGYOSSYBXBD
209,GDQVYP5XGSF7F7YSGFGBACGT4EEDN4TXOMYNQISS4GT66X3PJGJOW53Z,account,backstop_attributed,0.0000000,0,384.1548101,3841548101,0.0000000,0,384.1548101,3841548101,0.002629385218,1,Fixed,CAJJZSGMMM3PD7N33TAPHGBUGTB43OC73HVIK2L2G6BNGGGYOSSYBXBD
210,GABR5FJYD4AITJWFV2YOTEQKJPKSGMC37ESKRU6FEGNNRYV6YAPXZPWK,account,backstop_attributed,0.0000000,0,381.1209106,3811209106,0.0000000,0,381.1209106,3811209106,0.002608619395,1,Fixed,CAJJZSGMMM3PD7N33TAPHGBUGTB43OC73HVIK2L2G6BNGGGYOSSYBXBD
211,GAD7ZGQ5FT7MWLEJHGKQ36HDQMRHCFJIBA5ICWYT2ERW2TCWG2MIZUUD,account,backstop_attributed,0.0000000,0,375.1095778,3751095778,0.0000000,0,375.1095778,3751095778,0.002567474239,1,Fixed,CAJJZSGMMM3PD7N33TAPHGBUGTB43OC73HVIK2L2G6BNGGGYOSSYBXBD
212,GAU3MOAHNR3B26X535SHXPYU7575BWCDVUGIOX5VAMTT664HZ3JK4IVZ,account,backstop_attributed,0.0000000,0,364.2691724,3642691724,0.0000000,0,364.2691724,3642691724,0.002493276023,1,Fixed,CAJJZSGMMM3PD7N33TAPHGBUGTB43OC73HVIK2L2G6BNGGGYOSSYBXBD
213,GCRCLPLZCYPQHOKRQOOMZV3JMO75WG2IU4P3W46N6OXAGOUYJH7B2SDL,account,backstop_attributed,0.0000000,0,349.6584511,3496584511,0.0000000,0,349.6584511,3496584511,0.002393271510,1,Fixed,CAJJZSGMMM3PD7N33TAPHGBUGTB43OC73HVIK2L2G6BNGGGYOSSYBXBD
214,GDX3PXYEDCG6BI3FUYUQAKUJ2W5QHS2FYN2CSOUMPWS4JTGFVUB7SSXU,account,backstop_attributed,0.0000000,0,346.1227427,3461227427,0.0000000,0,346.1227427,3461227427,0.002369071008,1,Fixed,CAJJZSGMMM3PD7N33TAPHGBUGTB43OC73HVIK2L2G6BNGGGYOSSYBXBD
215,GCGMT4G6KSNXME2ZUQU4RCKEKAPH3LVXWJ3HK23J5YK37LIOOONTROBN,account,backstop_attributed,0.0000000,0,340.9325261,3409325261,0.0000000,0,340.9325261,3409325261,0.002333546062,1,Fixed,CAJJZSGMMM3PD7N33TAPHGBUGTB43OC73HVIK2L2G6BNGGGYOSSYBXBD
216,GDW4ZDNWSLMKWKSHBTHKCURKMNFEWKNE2KYJ3XSNDMCC4UTNLJKRA5ZJ,account,backstop_attributed,0.0000000,0,340.1247020,3401247020,0.0000000,0,340.1247020,3401247020,0.002328016831,2,Fixed|YieldBlox,CAJJZSGMMM3PD7N33TAPHGBUGTB43OC73HVIK2L2G6BNGGGYOSSYBXBD|CCCCIQSDILITHMM7PBSLVDT5MISSY7R26MNZXCX4H7J5JQ5FPIYOGYFS
217,GBKCQZ3LGRZWTOGC3XBX3RSV6KGW6ILK4HNN3ZP4YCFFU7P73VQ4UA6I,account,backstop_attributed,0.0000000,0,337.7395512,3377395512,0.0000000,0,337.7395512,3377395512,0.002311691433,1,Fixed,CAJJZSGMMM3PD7N33TAPHGBUGTB43OC73HVIK2L2G6BNGGGYOSSYBXBD
218,GDPCWNUKVGB6PY256ENVOC3X7RKTWSETXHIM55E7PXCGT4J3ZMUK5WVG,account,direct+backstop_attributed,0.1700980,1700980,329.4374460,3294374460,0.0000000,0,329.6075440,3296075440,0.002256031113,1,Fixed,CAJJZSGMMM3PD7N33TAPHGBUGTB43OC73HVIK2L2G6BNGGGYOSSYBXBD
219,GDKNDOQL23432Z7HMTFELXPFXAAUDWDJZXOTR73TSWY4XUGN2YMQHVM3,account,direct+backstop_attributed,314.7310353,3147310353,0.0375455,375455,0.0000000,0,314.7685808,3147685808,0.002154464376,1,YieldBlox,CCCCIQSDILITHMM7PBSLVDT5MISSY7R26MNZXCX4H7J5JQ5FPIYOGYFS
220,GDVQWV665JVBFBMXLAUYLH4XK766MATVAUDQAV7L32POWGT2CFGT4F5R,account,backstop_attributed,0.0000000,0,307.4126239,3074126239,0.0000000,0,307.4126239,3074126239,0.002104115809,1,Fixed,CAJJZSGMMM3PD7N33TAPHGBUGTB43OC73HVIK2L2G6BNGGGYOSSYBXBD
221,GDRUHABTMTXDDEICK6ZVEQZARU7RDE27B6LM6SGRXG7CRB5JDAZJ7KWJ,account,backstop_attributed,0.0000000,0,297.7215062,2977215062,0.0000000,0,297.7215062,2977215062,0.002037784005,1,Fixed,CAJJZSGMMM3PD7N33TAPHGBUGTB43OC73HVIK2L2G6BNGGGYOSSYBXBD
222,GCLSPJRCWAEK4O7MEUY7HYH67ASGFWVZMBM7GXLLC3GKERJ5PLFYOYPX,account,backstop_attributed,0.0000000,0,287.0246898,2870246898,0.0000000,0,287.0246898,2870246898,0.001964568597,1,Fixed,CAJJZSGMMM3PD7N33TAPHGBUGTB43OC73HVIK2L2G6BNGGGYOSSYBXBD
223,GAF3CZTL6CFUPO2T37QL6WO5UANPOL5GQ3UN46SZNCNOWIYZRXG6YOFS,account,backstop_attributed,0.0000000,0,281.3658494,2813658494,0.0000000,0,281.3658494,2813658494,0.001925836110,1,Fixed,CAJJZSGMMM3PD7N33TAPHGBUGTB43OC73HVIK2L2G6BNGGGYOSSYBXBD
224,GC4XQZBJS6OABA7VSK2PYFU7PVWZS22TTEDA4XUQCALXBBNYKZSBTZPY,account,backstop_attributed,0.0000000,0,280.3958545,2803958545,0.0000000,0,280.3958545,2803958545,0.001919196885,1,Fixed,CAJJZSGMMM3PD7N33TAPHGBUGTB43OC73HVIK2L2G6BNGGGYOSSYBXBD
225,GDUD75R5KJ5BNDBEEWUNFRZJ3EDOHLBJP4F6MEEB2PGHAVMQF3TKJPBJ,account,backstop_attributed,0.0000000,0,270.1054970,2701054970,0.0000000,0,270.1054970,2701054970,0.001848763525,1,Fixed,CAJJZSGMMM3PD7N33TAPHGBUGTB43OC73HVIK2L2G6BNGGGYOSSYBXBD
226,GD46UAKTBQYCGG7FW6BKYOWFGHWAWJU6TKMDHYM3RIATZZ7OE4KJECGH,account,direct+backstop_attributed,222.0183040,2220183040,40.4764621,404764621,0.0000000,0,262.4947661,2624947661,0.001796671132,1,YieldBlox,CCCCIQSDILITHMM7PBSLVDT5MISSY7R26MNZXCX4H7J5JQ5FPIYOGYFS
227,GC5SU2SJ4VFGJE7RZZHVLOYRE4JJRBK5SULZHKYSHMUOP3UIGB3653L4,account,backstop_attributed,0.0000000,0,259.7509800,2597509800,0.0000000,0,259.7509800,2597509800,0.001777891020,1,Fixed,CAJJZSGMMM3PD7N33TAPHGBUGTB43OC73HVIK2L2G6BNGGGYOSSYBXBD
228,GC72GBUP2RYKF7UPAAFTCTYZ37Z7W6IRYE6MPKWSDXWCVGFIVO6RV7FN,account,backstop_attributed,0.0000000,0,253.4389630,2534389630,0.0000000,0,253.4389630,2534389630,0.001734687801,1,Fixed,CAJJZSGMMM3PD7N33TAPHGBUGTB43OC73HVIK2L2G6BNGGGYOSSYBXBD
229,CBUTN4KJSULJAUZYTYIGSMYAOO7PBJSAQ5OP6UTGYHOXA6UQYBAEOBB3,contract,direct,253.2073540,2532073540,0.0000000,0,0.0000000,0,253.2073540,2532073540,0.001733102531,0,,
230,GDID3OX5UATDL3FTQ7BWSDIHSWMXXZRLFVKXCZ2K4CJNVFYTGH6EWSVC,account,backstop_attributed,0.0000000,0,248.8409451,2488409451,0.0000000,0,248.8409451,2488409451,0.001703216217,1,Fixed,CAJJZSGMMM3PD7N33TAPHGBUGTB43OC73HVIK2L2G6BNGGGYOSSYBXBD
231,GB7NZNREBS6H6PYKVOF7FJDQMSKRSGWIE6IWULLJUZVAX73MTUL6NFF4,account,backstop_attributed,0.0000000,0,225.4905424,2254905424,0.0000000,0,225.4905424,2254905424,0.001543392099,1,Fixed,CAJJZSGMMM3PD7N33TAPHGBUGTB43OC73HVIK2L2G6BNGGGYOSSYBXBD
232,GCZWQYXSW4AD62DEF5PBEZAKMSUKM6FCJ2YPLXGE4IBQJXENG6KSLIUC,account,backstop_attributed,0.0000000,0,224.6246579,2246246579,0.0000000,0,224.6246579,2246246579,0.001537465468,1,Fixed,CAJJZSGMMM3PD7N33TAPHGBUGTB43OC73HVIK2L2G6BNGGGYOSSYBXBD
233,GBEF2L62K3K4AXIAHE6RKNXMX3S67D3J7TPXKY3YZQPLBDEHBWYJ6F62,account,backstop_attributed,0.0000000,0,224.0623770,2240623770,0.0000000,0,224.0623770,2240623770,0.001533616881,1,Fixed,CAJJZSGMMM3PD7N33TAPHGBUGTB43OC73HVIK2L2G6BNGGGYOSSYBXBD
234,GCSM6QASLFOSOPBOQLOQ3YBOJOZQBHVLXCP3PWCUNB2X342IX2HQ622F,account,backstop_attributed,0.0000000,0,222.6010964,2226010964,0.0000000,0,222.6010964,2226010964,0.001523615003,1,Etherfuse,CDMAVJPFXPADND3YRL4BSM3AKZWCTFMX27GLLXCML3PD62HEQS5FPVAI
235,GCXZG27ZTUKA7RF37OVIAI73777QYYSV6SKYQCE6HLVFANWXVKTEI7KE,account,backstop_attributed,0.0000000,0,206.7522434,2067522434,0.0000000,0,206.7522434,2067522434,0.001415135977,1,Fixed,CAJJZSGMMM3PD7N33TAPHGBUGTB43OC73HVIK2L2G6BNGGGYOSSYBXBD
236,GC6GZHQ2R2BYQWT6HMK7CZKZS6AWN7OXW5ZVEAQOHTXIUKJ2BVYIQTE4,account,backstop_attributed,0.0000000,0,203.5909404,2035909404,0.0000000,0,203.5909404,2035909404,0.001393498129,1,Fixed,CAJJZSGMMM3PD7N33TAPHGBUGTB43OC73HVIK2L2G6BNGGGYOSSYBXBD
237,GAKL6IWNAFDFETXPIHBNOUVD5LSZFFPFHPCN3XLATIKGFJOMIF5R7JYV,account,backstop_attributed,0.0000000,0,202.5576804,2025576804,0.0000000,0,202.5576804,2025576804,0.001386425880,1,Fixed,CAJJZSGMMM3PD7N33TAPHGBUGTB43OC73HVIK2L2G6BNGGGYOSSYBXBD
238,GCY6N3Y3E7FQ65IGRBFSPXELJXMIFYZQCWJTSCFBJDBKSHJOLL7SBG6D,account,backstop_attributed,0.0000000,0,199.0993404,1990993404,0.0000000,0,199.0993404,1990993404,0.001362754933,1,Fixed,CAJJZSGMMM3PD7N33TAPHGBUGTB43OC73HVIK2L2G6BNGGGYOSSYBXBD
239,GA3UP2PHZQSZLGP5QEGJBXVWCU4PU2CFY7NDP4JG7VZWM7GC7TGTIMCB,account,backstop_attributed,0.0000000,0,196.1651732,1961651732,0.0000000,0,196.1651732,1961651732,0.001342671738,1,Fixed,CAJJZSGMMM3PD7N33TAPHGBUGTB43OC73HVIK2L2G6BNGGGYOSSYBXBD
240,GCC3DIKMODNJMHSWEMPDZNF3BO55GK4SSWPRSOQCQHRE5R53FCQYTMBY,account,backstop_attributed,0.0000000,0,187.5413044,1875413044,0.0000000,0,187.5413044,1875413044,0.001283644823,1,YieldBlox,CCCCIQSDILITHMM7PBSLVDT5MISSY7R26MNZXCX4H7J5JQ5FPIYOGYFS
241,GATB4LSZQXX62SLUMYDPGIOWWSYM2QCTHI5SG4SI6JQTX6ODCENKNNP6,account,backstop_attributed,0.0000000,0,184.8959405,1848959405,0.0000000,0,184.8959405,1848959405,0.001265538371,1,Fixed,CAJJZSGMMM3PD7N33TAPHGBUGTB43OC73HVIK2L2G6BNGGGYOSSYBXBD
242,GC3TIQL2X6LB72RIDZYNKDVCADUZ6BZMGUWPWGCUJJZEQFXIM2IVNQSY,account,backstop_attributed,0.0000000,0,181.9430925,1819430925,0.0000000,0,181.9430925,1819430925,0.001245327314,1,Fixed,CAJJZSGMMM3PD7N33TAPHGBUGTB43OC73HVIK2L2G6BNGGGYOSSYBXBD
243,GB3SHL4HC77VBLN7KJM4EMWJG7N2JJV45PKSFJSS5EFX6HIB2E3OVEFG,account,direct,178.2697417,1782697417,0.0000000,0,0.0000000,0,178.2697417,1782697417,0.001220184705,0,,
244,GDW2RYFP7NBMWNTE2CCS5TUI3HN3N3PVP46XLJCSXTDKZSWKBTFT35FH,account,backstop_attributed,0.0000000,0,176.7685919,1767685919,0.0000000,0,176.7685919,1767685919,0.001209909938,1,Fixed,CAJJZSGMMM3PD7N33TAPHGBUGTB43OC73HVIK2L2G6BNGGGYOSSYBXBD
245,GC7WRELSV3MNZLHMNWVC4ADRTTVNEA46FARFQDU6QFJZLHRRV55HS6IV,account,direct+backstop_attributed,26.3168716,263168716,150.0738056,1500738056,0.0000000,0,176.3906772,1763906772,0.001207323264,2,Fixed|YieldBlox,CAJJZSGMMM3PD7N33TAPHGBUGTB43OC73HVIK2L2G6BNGGGYOSSYBXBD|CCCCIQSDILITHMM7PBSLVDT5MISSY7R26MNZXCX4H7J5JQ5FPIYOGYFS
246,GBFUSXHPGWH5C45HRY263MFY5Z63JOQXG4SPKQMURFVTMXYV7Z2QTVB7,account,backstop_attributed,0.0000000,0,168.4735302,1684735302,0.0000000,0,168.4735302,1684735302,0.001153133576,1,Fixed,CAJJZSGMMM3PD7N33TAPHGBUGTB43OC73HVIK2L2G6BNGGGYOSSYBXBD
247,GC2YM7ZWTKJ7STL272N2VESSRCEANUERDNTYNWDPMQHGTZLY2MC2UIXE,account,backstop_attributed,0.0000000,0,164.6260111,1646260111,0.0000000,0,164.6260111,1646260111,0.001126798854,1,Forex,CBYOBT7ZCCLQCBUYYIABZLSEGDPEUWXCUXQTZYOG3YBDR7U357D5ZIRF
248,GCUZMS67FDE7LEFFM5OP3TXEFXXBJQ7447WW3BUQIVMQHVTNEUXDXKHC,account,backstop_attributed,0.0000000,0,164.3798530,1643798530,0.0000000,0,164.3798530,1643798530,0.001125114001,1,YieldBlox,CCCCIQSDILITHMM7PBSLVDT5MISSY7R26MNZXCX4H7J5JQ5FPIYOGYFS
249,GDP2ZIFJTDZT2R2C4CFSTJJQE2U26FFTAXRXYWPWKW5USEB6ILJBUCOT,account,backstop_attributed,0.0000000,0,163.7245392,1637245392,0.0000000,0,163.7245392,1637245392,0.001120628642,1,Fixed,CAJJZSGMMM3PD7N33TAPHGBUGTB43OC73HVIK2L2G6BNGGGYOSSYBXBD
250,GB5PQUYVTZM4CXRAGQXUJWTWPZ7VL3LCMUMI7PZEJK3QNIH3V46JA5TG,account,backstop_attributed,0.0000000,0,160.7045258,1607045258,0.0000000,0,160.7045258,1607045258,0.001099957864,1,Fixed,CAJJZSGMMM3PD7N33TAPHGBUGTB43OC73HVIK2L2G6BNGGGYOSSYBXBD
251,GAORM3N3RH2LVHI47LGFG4WFGI4ZO4KWMGDSYWFPLSWUQC2QOKPUO4ML,account,backstop_attributed,0.0000000,0,159.7151253,1597151253,0.0000000,0,159.7151253,1597151253,0.001093185816,1,Fixed,CAJJZSGMMM3PD7N33TAPHGBUGTB43OC73HVIK2L2G6BNGGGYOSSYBXBD
252,GBNYPW5RZ6ODXJHCOF7CO5AJCJWG4HR2FW7EDW47UA6TNQDKZJMOTJ3R,account,backstop_attributed,0.0000000,0,159.4519786,1594519786,0.0000000,0,159.4519786,1594519786,0.001091384682,1,Fixed,CAJJZSGMMM3PD7N33TAPHGBUGTB43OC73HVIK2L2G6BNGGGYOSSYBXBD
253,GDYXHEQ6SPE4LLXZRFCTS6ME4YVU4Z7E4JO2WQ2EA62DHCLI3RJF2PZV,account,backstop_attributed,0.0000000,0,156.5871057,1565871057,0.0000000,0,156.5871057,1565871057,0.001071775779,1,Fixed,CAJJZSGMMM3PD7N33TAPHGBUGTB43OC73HVIK2L2G6BNGGGYOSSYBXBD
254,GAV7LTQUR6N5MZAJSWSPTK2EPBDTPYLPS3WX7X2YSRJQPVG4W7TZ3JB4,account,backstop_attributed,0.0000000,0,150.9963381,1509963381,0.0000000,0,150.9963381,1509963381,0.001033509223,1,Fixed,CAJJZSGMMM3PD7N33TAPHGBUGTB43OC73HVIK2L2G6BNGGGYOSSYBXBD
255,GAI6QKZE22FGTOGUO4PQLUPPKJKGZ5P3LQWU7FRZL27ANKDTBG5IALCB,account,backstop_attributed,0.0000000,0,144.3411856,1443411856,0.0000000,0,144.3411856,1443411856,0.000987957380,1,Fixed,CAJJZSGMMM3PD7N33TAPHGBUGTB43OC73HVIK2L2G6BNGGGYOSSYBXBD
256,GDCRH4L5DJMIQGXT6TFD52LG7NV434HTAT6TSY5L2NIIFRQMKH3YKFEN,account,direct+backstop_attributed,144.0310738,1440310738,0.0171820,171820,0.0000000,0,144.0482558,1440482558,0.000985952393,1,YieldBlox,CCCCIQSDILITHMM7PBSLVDT5MISSY7R26MNZXCX4H7J5JQ5FPIYOGYFS
257,GB737IWLMWJ4OXAY7J3BXUKRRYGMWZDGPD2XQXJS2PKC7TZYLTGUEDIM,account,backstop_attributed,0.0000000,0,143.8489033,1438489033,0.0000000,0,143.8489033,1438489033,0.000984587905,1,Fixed,CAJJZSGMMM3PD7N33TAPHGBUGTB43OC73HVIK2L2G6BNGGGYOSSYBXBD
258,GBTH2HETHP6JG4LLITOHPDZKFXQXNTAULXYVSMXKZYO3774X2JVIZT52,account,backstop_attributed,0.0000000,0,142.2680354,1422680354,0.0000000,0,142.2680354,1422680354,0.000973767500,1,Fixed,CAJJZSGMMM3PD7N33TAPHGBUGTB43OC73HVIK2L2G6BNGGGYOSSYBXBD
259,GDUI7TYFVMDIZN7ZTQXOHW7BGV4HCQXGU4DVNUB63ABDUMPXROOVM7LO,account,backstop_attributed,0.0000000,0,135.4558732,1354558732,0.0000000,0,135.4558732,1354558732,0.000927140989,1,Fixed,CAJJZSGMMM3PD7N33TAPHGBUGTB43OC73HVIK2L2G6BNGGGYOSSYBXBD
260,GA2YLWYKP2TXIVD662LZOH3H4ASJZG74ZINX76EG5LOLRST4H7SCQ3NY,account,backstop_attributed,0.0000000,0,132.7706303,1327706303,0.0000000,0,132.7706303,1327706303,0.000908761581,1,Fixed,CAJJZSGMMM3PD7N33TAPHGBUGTB43OC73HVIK2L2G6BNGGGYOSSYBXBD
261,GAX6DP3PXYV4OCTWP4JES4YXVHDN5CF5ZLPYW35SIE2HUE5SXC7CISYO,account,backstop_attributed,0.0000000,0,128.8285197,1288285197,0.0000000,0,128.8285197,1288285197,0.000881779419,1,Fixed,CAJJZSGMMM3PD7N33TAPHGBUGTB43OC73HVIK2L2G6BNGGGYOSSYBXBD
262,GBTC6T3LZ5YXZTKHROU52XVU5XMLFGOREG3E3M3S2M4QIEINRAKOEHOL,account,backstop_attributed,0.0000000,0,121.5025142,1215025142,0.0000000,0,121.5025142,1215025142,0.000831635857,2,Fixed|YieldBlox,CAJJZSGMMM3PD7N33TAPHGBUGTB43OC73HVIK2L2G6BNGGGYOSSYBXBD|CCCCIQSDILITHMM7PBSLVDT5MISSY7R26MNZXCX4H7J5JQ5FPIYOGYFS
263,GAKK7F5LOCROUNEJUVI4IJWU2SPYAPME2UPEY2TD7SGYBQN4ZVWJJANB,account,backstop_attributed,0.0000000,0,118.9567869,1189567869,0.0000000,0,118.9567869,1189567869,0.000814211377,1,Fixed,CAJJZSGMMM3PD7N33TAPHGBUGTB43OC73HVIK2L2G6BNGGGYOSSYBXBD
264,GCITCZ32ZNAYUVQZBNBG7RLV4YA7LKFNTFG6SN6HGM47L5BYFXG7AEXY,account,backstop_attributed,0.0000000,0,116.8216738,1168216738,0.0000000,0,116.8216738,1168216738,0.000799597386,1,Fixed,CAJJZSGMMM3PD7N33TAPHGBUGTB43OC73HVIK2L2G6BNGGGYOSSYBXBD
265,GAO2RRDOOQJSESRS4LLJFDRFOJYOWP5OYJHVMOW4VABG5QSO4DXANTSZ,account,backstop_attributed,0.0000000,0,116.2760605,1162760605,0.0000000,0,116.2760605,1162760605,0.000795862883,1,Fixed,CAJJZSGMMM3PD7N33TAPHGBUGTB43OC73HVIK2L2G6BNGGGYOSSYBXBD
266,GDEU7LRIODDJOCPCMX6H3F2MKWYXBR3AW3TOCB5YBCGWDEKEBDU4EZWZ,account,backstop_attributed,0.0000000,0,114.6188815,1146188815,0.0000000,0,114.6188815,1146188815,0.000784520159,1,Fixed,CAJJZSGMMM3PD7N33TAPHGBUGTB43OC73HVIK2L2G6BNGGGYOSSYBXBD
267,GDETRURDEE53BKQ2CVFJOVLCCUQW6NGWRCIJ5F7SZQ3OUSYUAWZ5GWEX,account,backstop_attributed,0.0000000,0,111.5012828,1115012828,0.0000000,0,111.5012828,1115012828,0.000763181449,1,Fixed,CAJJZSGMMM3PD7N33TAPHGBUGTB43OC73HVIK2L2G6BNGGGYOSSYBXBD
268,GCBYMMOSIINFRGFEJKEUGNCUNAOUQYZ6DOQXA47P76UGCUQSXVNWWM3L,account,direct+backstop_attributed,0.0016741,16741,111.3676119,1113676119,0.0000000,0,111.3692860,1113692860,0.000762277984,1,YieldBlox,CCCCIQSDILITHMM7PBSLVDT5MISSY7R26MNZXCX4H7J5JQ5FPIYOGYFS
269,GC5Z4GX6IBUZXKUYOSWNZRNJTQJEIJZTAYG2DANBCGHR5FDO5RIQFHMG,account,backstop_attributed,0.0000000,0,111.1824795,1111824795,0.0000000,0,111.1824795,1111824795,0.000760999369,1,Fixed,CAJJZSGMMM3PD7N33TAPHGBUGTB43OC73HVIK2L2G6BNGGGYOSSYBXBD
270,GBMZFNU5SVBFSOETKTBZZT5URHWVCW6UQ6SC2SOYCGAQGVIZPHX3RI4U,account,backstop_attributed,0.0000000,0,110.8215879,1108215879,0.0000000,0,110.8215879,1108215879,0.000758529211,1,Fixed,CAJJZSGMMM3PD7N33TAPHGBUGTB43OC73HVIK2L2G6BNGGGYOSSYBXBD
271,GDP3CNT73Q64UIPEMI6WDXFDEA67DF5CSZ6Y55TCNCXZSNMO4WKTA5ET,account,backstop_attributed,0.0000000,0,108.2384909,1082384909,0.0000000,0,108.2384909,1082384909,0.000740848950,1,Fixed,CAJJZSGMMM3PD7N33TAPHGBUGTB43OC73HVIK2L2G6BNGGGYOSSYBXBD
272,GDGQU6OLYT7SO43OAKPTQWBDM5HJP3YTEX335R3GUHCX7F4DUJ322D7R,account,backstop_attributed,0.0000000,0,107.4793205,1074793205,0.0000000,0,107.4793205,1074793205,0.000735652734,1,Fixed,CAJJZSGMMM3PD7N33TAPHGBUGTB43OC73HVIK2L2G6BNGGGYOSSYBXBD
273,GBH45AEJD5P355MK27R3BAPTTJUN6MRDZEDCHJZ4MVJGI2KQFZMA5QYJ,account,direct,104.9300649,1049300649,0.0000000,0,0.0000000,0,104.9300649,1049300649,0.000718204105,0,,
274,GBLQLUATIATW47454PRIX6QHY6YFNKLX5XGJBPGVSUHRVQLOV3GNJIYO,account,backstop_attributed,0.0000000,0,102.6995097,1026995097,0.0000000,0,102.6995097,1026995097,0.000702936851,1,YieldBlox,CCCCIQSDILITHMM7PBSLVDT5MISSY7R26MNZXCX4H7J5JQ5FPIYOGYFS
275,GDBICJJRACMJ5XL3YK7WQBGDQG7RKNUA3DJJJQLTLKMD25C5WP2H3J2S,account,backstop_attributed,0.0000000,0,102.5407894,1025407894,0.0000000,0,102.5407894,1025407894,0.000701850474,1,Fixed,CAJJZSGMMM3PD7N33TAPHGBUGTB43OC73HVIK2L2G6BNGGGYOSSYBXBD
276,GAL2GBMU2OETKJPBXU4AULN37KROUCJ55PUI2GLRNZ3HMENWXJ56QFMP,account,direct,100.0000000,1000000000,0.0000000,0,0.0000000,0,100.0000000,1000000000,0.000684459793,0,,
277,GCTPZQS7WHYT45B36ZKNFMBI7X2I7GKXU4WCKZUJYHYS3FX7RHHA5HNF,account,direct+backstop_attributed,97.4085111,974085111,0.0116202,116202,0.0000000,0,97.4201313,974201313,0.000666801629,1,YieldBlox,CCCCIQSDILITHMM7PBSLVDT5MISSY7R26MNZXCX4H7J5JQ5FPIYOGYFS
278,GCB2NJ22PJVDRQ4WNGYD2TC2LITRULHGLG5TG6NWBIPQO64JE7OS465W,account,backstop_attributed,0.0000000,0,93.6698319,936698319,0.0000000,0,93.6698319,936698319,0.000641132337,2,Fixed|YieldBlox,CAJJZSGMMM3PD7N33TAPHGBUGTB43OC73HVIK2L2G6BNGGGYOSSYBXBD|CCCCIQSDILITHMM7PBSLVDT5MISSY7R26MNZXCX4H7J5JQ5FPIYOGYFS
279,GBJ7ANOCGDS5QEZNWRL6VETZDYSUV3PZTI5Q7TBE6AVZLGBE3QWLETQO,account,backstop_attributed,0.0000000,0,93.0866915,930866915,0.0000000,0,93.0866915,930866915,0.000637140975,1,Fixed,CAJJZSGMMM3PD7N33TAPHGBUGTB43OC73HVIK2L2G6BNGGGYOSSYBXBD
280,GAB7355NRRUAB5TGEAKIHS2RP7SZ32JJLF337MF24GFPPPSKEXABURYP,account,direct,92.5778431,925778431,0.0000000,0,0.0000000,0,92.5778431,925778431,0.000633658113,0,,
281,GB5FU5TOXJ7PXERVYSNJM6YEVI5N3OJBIEPPV6VYOCUI32VAAHTEDMMQ,account,backstop_attributed,0.0000000,0,92.3829511,923829511,0.0000000,0,92.3829511,923829511,0.000632324155,1,Fixed,CAJJZSGMMM3PD7N33TAPHGBUGTB43OC73HVIK2L2G6BNGGGYOSSYBXBD
282,GAB7SXP6ABTIUTGD54PKVGLAAPDO4A7TXMAGP3HPZVKCAYTSJNNAOEEI,account,direct+backstop_attributed,91.8248911,918248911,0.0109541,109541,0.0000000,0,91.8358452,918358452,0.000628579435,1,YieldBlox,CCCCIQSDILITHMM7PBSLVDT5MISSY7R26MNZXCX4H7J5JQ5FPIYOGYFS
283,GCM5O5PPEWBKADRFG2SFHNWLC2E7Q2XOZZZD2M3OZLIKHE3EJ3AMA64Q,account,backstop_attributed,0.0000000,0,90.4091328,904091328,0.0000000,0,90.4091328,904091328,0.000618814163,1,Fixed,CAJJZSGMMM3PD7N33TAPHGBUGTB43OC73HVIK2L2G6BNGGGYOSSYBXBD
284,GCTO4SIC4S2SZZC2R5LWCQDXBZBN45N2YWVHIR4IEPVOHLDQZDZHRPMF,account,backstop_attributed,0.0000000,0,88.7800939,887800939,0.0000000,0,88.7800939,887800939,0.000607664046,1,Fixed,CAJJZSGMMM3PD7N33TAPHGBUGTB43OC73HVIK2L2G6BNGGGYOSSYBXBD
285,GBWHCMLO4L5MU2HBWLABOH6PPCYQEXEIA4N4IFTCPOGATPSSIMZZG4BD,account,backstop_attributed,0.0000000,0,88.5543787,885543787,0.0000000,0,88.5543787,885543787,0.000606119117,1,Fixed,CAJJZSGMMM3PD7N33TAPHGBUGTB43OC73HVIK2L2G6BNGGGYOSSYBXBD
286,GAAOYJTUS2YJ3OZYV4EJE5ASX2LTLMYJOM7WZ7IRNNBFIPY5EHC4P5MC,account,backstop_attributed,0.0000000,0,80.9438382,809438382,0.0000000,0,80.9438382,809438382,0.000554028027,1,Fixed,CAJJZSGMMM3PD7N33TAPHGBUGTB43OC73HVIK2L2G6BNGGGYOSSYBXBD
287,GA2CR3O7326VP54ALYRHNWWSOQXJYU24Q2BZEGUHJRSDHCCVUSEM24EJ,account,direct+backstop_attributed,1.0874151,10874151,79.3943062,793943062,0.0000000,0,80.4817213,804817213,0.000550865023,1,YieldBlox,CCCCIQSDILITHMM7PBSLVDT5MISSY7R26MNZXCX4H7J5JQ5FPIYOGYFS
288,GAEN2F3J3JTYNPUMEJWW7YHFP3O375NSJ6EXBSHTCBS5HXZAUCPPYIG2,account,backstop_attributed,0.0000000,0,79.6879432,796879432,0.0000000,0,79.6879432,796879432,0.000545431931,1,Orbit,CAE7QVOMBLZ53CDRGK3UNRRHG5EZ5NQA7HHTFASEMYBWHG6MDFZTYHXC
289,CA4DRXJSNICCAFVEN2LP3TO5FX7QL4ZYQ3YUTSCLXCUVUXLTQ4VPZBIS,contract,direct,76.5833522,765833522,0.0000000,0,0.0000000,0,76.5833522,765833522,0.000524182253,0,,
290,GDTQD7CLYU3DI56V2PQRIUO3ZWCL5QKPGJGFHBIPYVABBMM2SD6CVXVX,account,backstop_attributed,0.0000000,0,74.1393938,741393938,0.0000000,0,74.1393938,741393938,0.000507454341,1,Fixed,CAJJZSGMMM3PD7N33TAPHGBUGTB43OC73HVIK2L2G6BNGGGYOSSYBXBD
291,GDREVXS4I2M4RRNQDUMI5A5GAFTIEQFSB2Y34SNI6K3O6WA6HUXYVMW7,account,backstop_attributed,0.0000000,0,72.8559548,728559548,0.0000000,0,72.8559548,728559548,0.000498669717,1,Fixed,CAJJZSGMMM3PD7N33TAPHGBUGTB43OC73HVIK2L2G6BNGGGYOSSYBXBD
292,GDUQZKRYOSQEY6CPZ4YB2JLNY5HG7HDKWPF2I2OWWWGVO3Z24PZJODYU,account,direct+backstop_attributed,28.5600557,285600557,41.0098653,410098653,0.0000000,0,69.5699210,695699210,0.000476178137,1,Fixed,CAJJZSGMMM3PD7N33TAPHGBUGTB43OC73HVIK2L2G6BNGGGYOSSYBXBD
293,GDNACI5NRTKGOURFFDJDCVWSUH4PBAIDYXNBFZFXKPTOHPGHCRNPH5TF,account,backstop_attributed,0.0000000,0,69.2547157,692547157,0.0000000,0,69.2547157,692547157,0.000474020683,1,YieldBlox,CCCCIQSDILITHMM7PBSLVDT5MISSY7R26MNZXCX4H7J5JQ5FPIYOGYFS
294,GAB6HYBE6DZ2ZIDAXVQSJKUQJBEIAYHXTBLUTDQJLKI6S6WJWJ7TMGF5,account,direct,66.5570798,665570798,0.0000000,0,0.0000000,0,66.5570798,665570798,0.000455556450,0,,
295,GC2MYUXTFAINLGN3OSBLMKXIU4NH5GVSFYOVHSZMMZHQSILM7GFND633,account,direct+backstop_attributed,62.2881625,622881625,3.2205460,32205460,0.0000000,0,65.5087085,655087085,0.000448380770,1,YieldBlox,CCCCIQSDILITHMM7PBSLVDT5MISSY7R26MNZXCX4H7J5JQ5FPIYOGYFS
296,GBIWJGAOSFC4KUPHXM573TKTWHMI7VW7D4GCHYZYH243Q6HVBV7ORBIT,account,backstop_attributed,0.0000000,0,64.4116792,644116792,0.0000000,0,64.4116792,644116792,0.000440872046,1,Orbit,CAE7QVOMBLZ53CDRGK3UNRRHG5EZ5NQA7HHTFASEMYBWHG6MDFZTYHXC
297,GCJ2VBYRO4BO3BHCGN7EMSTKBLQXMUTS67PFHUJBZOCCQGLOQN5XFKOG,account,direct,64.0336727,640336727,0.0000000,0,0.0000000,0,64.0336727,640336727,0.000438284743,0,,
298,GCN6YFU6BHTXX3FQJRLRQSQEKIILFK5LYIWOKBRL5T3ZAUXKSSQTEWG4,account,direct+backstop_attributed,62.0008757,620008757,0.0073051,73051,0.0000000,0,62.0081808,620081808,0.000424421065,1,YieldBlox,CCCCIQSDILITHMM7PBSLVDT5MISSY7R26MNZXCX4H7J5JQ5FPIYOGYFS
299,GAB7GE4TLBAMTKZLJVFCXMN5QMAPQERYJODI4TXUBA52MAV3DYJALBYH,account,direct,59.0979779,590979779,0.0000000,0,0.0000000,0,59.0979779,590979779,0.000404501897,0,,
300,GB5RVWUKPWZJXFLHWVXOHZCVEK7SCKNGSJI22KBVMSPD2JXZB3PDPLMV,account,backstop_attributed,0.0000000,0,51.6388120,516388120,0.0000000,0,51.6388120,516388120,0.000353446905,1,Fixed,CAJJZSGMMM3PD7N33TAPHGBUGTB43OC73HVIK2L2G6BNGGGYOSSYBXBD
301,GA2QOH2JFQJ3RLZGBPU2URAZ4RS4B2IX4SCZ47NBJGAKD6HQWHQDA4EK,account,direct,50.9594466,509594466,0.0000000,0,0.0000000,0,50.9594466,509594466,0.000348796922,0,,
302,GDE2FP2TUF4CWIK7IT3LJOLLOHS47QAT4XJAXH6WCZG2GKWTSG4YBBQQ,account,direct,50.3115472,503115472,0.0000000,0,0.0000000,0,50.3115472,503115472,0.000344362311,0,,
303,GAIL3QR4PFQBIGOA2WNTIXFM3N3G72F37UUV66YPKKCLMH3YETOSFHEF,account,direct+backstop_attributed,12.9478367,129478367,36.1787431,361787431,0.0000000,0,49.1265798,491265798,0.000336251686,1,Fixed,CAJJZSGMMM3PD7N33TAPHGBUGTB43OC73HVIK2L2G6BNGGGYOSSYBXBD
304,GDMY4247UFHZMP7SFQXZ5CBHOJMDVZQE3ENJM7JF7ZR4DQ2TWIPKZU3E,account,backstop_attributed,0.0000000,0,41.0877152,410877152,0.0000000,0,41.0877152,410877152,0.000281228890,1,Fixed,CAJJZSGMMM3PD7N33TAPHGBUGTB43OC73HVIK2L2G6BNGGGYOSSYBXBD
305,GDVEAFWLJYQPNNMHQ27FNW5GYHJOSXUSFQDNZU62AGTE2Q5F4V5QSGNW,account,backstop_attributed,0.0000000,0,38.7139751,387139751,0.0000000,0,38.7139751,387139751,0.000264981593,1,Fixed,CAJJZSGMMM3PD7N33TAPHGBUGTB43OC73HVIK2L2G6BNGGGYOSSYBXBD
306,GD77UUOP4FS2W45T5N6T6CSPXZ2TCJR4FZTAT4ONKXQSEB53RQNTAK7L,account,backstop_attributed,0.0000000,0,37.8426031,378426031,0.0000000,0,37.8426031,378426031,0.000259017402,1,Fixed,CAJJZSGMMM3PD7N33TAPHGBUGTB43OC73HVIK2L2G6BNGGGYOSSYBXBD
307,GC2MO4TGDG5OVLVFTIKIXCYOYL6POXGX2WTFIZERE4NSJCKRI4LKFMTU,account,backstop_attributed,0.0000000,0,36.7830708,367830708,0.0000000,0,36.7830708,367830708,0.000251765330,2,Fixed|Forex,CAJJZSGMMM3PD7N33TAPHGBUGTB43OC73HVIK2L2G6BNGGGYOSSYBXBD|CBYOBT7ZCCLQCBUYYIABZLSEGDPEUWXCUXQTZYOG3YBDR7U357D5ZIRF
308,GAMDHCU2ELAY6JHQEDNU4WIBOF276QJUT5UQJRFXGV4LMTYGDK762UNY,account,direct+backstop_attributed,34.3372111,343372111,2.3496186,23496186,0.0000000,0,36.6868297,366868297,0.000251106598,1,Fixed,CAJJZSGMMM3PD7N33TAPHGBUGTB43OC73HVIK2L2G6BNGGGYOSSYBXBD
309,GC6GXKD7GGEOO65F2D2DEUS7RZ4O6ZLCVIIRK2DOWXDHVX2DB6GGD3YT,account,backstop_attributed,0.0000000,0,36.6799865,366799865,0.0000000,0,36.6799865,366799865,0.000251059759,1,Fixed,CAJJZSGMMM3PD7N33TAPHGBUGTB43OC73HVIK2L2G6BNGGGYOSSYBXBD
310,GBVKY7STOBL4QQUMHLNN7UYILRC56KI6KO6SLK56B4CT5EFDZRECF7N4,account,backstop_attributed,0.0000000,0,35.9979418,359979418,0.0000000,0,35.9979418,359979418,0.000246391437,1,Fixed,CAJJZSGMMM3PD7N33TAPHGBUGTB43OC73HVIK2L2G6BNGGGYOSSYBXBD
311,GDAWX4KV5EQLP5W44HE5AA5QN5QRBJOVQIAI5OXOH5FW2ENT5PXN33DE,account,backstop_attributed,0.0000000,0,35.7176329,357176329,0.0000000,0,35.7176329,357176329,0.000244472836,1,Fixed,CAJJZSGMMM3PD7N33TAPHGBUGTB43OC73HVIK2L2G6BNGGGYOSSYBXBD
312,GC5SD2MCVCWPB4AF26ZJIR367XOIVV3JIMY2EZPHKEJGEUEX5XSMXWZA,account,direct+backstop_attributed,10.1089175,101089175,25.2676137,252676137,0.0000000,0,35.3765312,353765312,0.000242138132,4,Etherfuse|Fixed|Forex|YieldBlox,CDMAVJPFXPADND3YRL4BSM3AKZWCTFMX27GLLXCML3PD62HEQS5FPVAI|CAJJZSGMMM3PD7N33TAPHGBUGTB43OC73HVIK2L2G6BNGGGYOSSYBXBD|CBYOBT7ZCCLQCBUYYIABZLSEGDPEUWXCUXQTZYOG3YBDR7U357D5ZIRF|CCCCIQSDILITHMM7PBSLVDT5MISSY7R26MNZXCX4H7J5JQ5FPIYOGYFS
313,GCAX4BW7CWKNVFDUSI2L4WWY6AUCCWCE54PRWGXGJ7VRLBS5X7MBMDDY,account,backstop_attributed,0.0000000,0,33.0354034,330354034,0.0000000,0,33.0354034,330354034,0.000226114053,1,Orbit,CAE7QVOMBLZ53CDRGK3UNRRHG5EZ5NQA7HHTFASEMYBWHG6MDFZTYHXC
314,GBNK7X6QDURCS2GX5QBXEU6HXPYGOYKQ6ZCKCMNP4ZQIKRS72LAZ73NG,account,backstop_attributed,0.0000000,0,30.6900640,306900640,0.0000000,0,30.6900640,306900640,0.000210061148,1,Fixed,CAJJZSGMMM3PD7N33TAPHGBUGTB43OC73HVIK2L2G6BNGGGYOSSYBXBD
315,GBFZWIDB5KHOOTFAECPNWKTHMUBWFAGNZR5REAABFGINIMDYPAUL4J5A,account,direct+backstop_attributed,30.6104502,306104502,0.0036516,36516,0.0000000,0,30.6141018,306141018,0.000209541217,1,YieldBlox,CCCCIQSDILITHMM7PBSLVDT5MISSY7R26MNZXCX4H7J5JQ5FPIYOGYFS
316,GBMAGI4SSIPO2NYCQHHJBSLZ52G3UDN6WKV5VZAJ35POA2NG3YDPHVPV,account,backstop_attributed,0.0000000,0,29.8610588,298610588,0.0000000,0,29.8610588,298610588,0.000204386941,1,Fixed,CAJJZSGMMM3PD7N33TAPHGBUGTB43OC73HVIK2L2G6BNGGGYOSSYBXBD
317,GBAW37WLN2JC7H3GGHSQNPKHTISMI67QF3XZIEJZQDKCPJB6JZJ2TRXL,account,backstop_attributed,0.0000000,0,29.8591776,298591776,0.0000000,0,29.8591776,298591776,0.000204374065,1,Fixed,CAJJZSGMMM3PD7N33TAPHGBUGTB43OC73HVIK2L2G6BNGGGYOSSYBXBD
318,GARMUNCNK5NCHAD64NV2VLJQ3GJN2TJFRJ6ZN7LKD4O2C5DSPCB577QL,account,backstop_attributed,0.0000000,0,29.1192857,291192857,0.0000000,0,29.1192857,291192857,0.000199309802,1,Fixed,CAJJZSGMMM3PD7N33TAPHGBUGTB43OC73HVIK2L2G6BNGGGYOSSYBXBD
319,GAL3ZPH55E3YLEBZYVIMRGMA2ZUQHO3BD3UT47YKJHEE2KVIED24STHX,account,backstop_attributed,0.0000000,0,28.8537281,288537281,0.0000000,0,28.8537281,288537281,0.000197492167,1,Forex,CBYOBT7ZCCLQCBUYYIABZLSEGDPEUWXCUXQTZYOG3YBDR7U357D5ZIRF
320,GBLGNDADF3GTNTAKRESO5LKQDLPCOQ7OVU7DY26JAXYFWBXEYVKY2NFB,account,backstop_attributed,0.0000000,0,27.4659806,274659806,0.0000000,0,27.4659806,274659806,0.000187993593,1,Fixed,CAJJZSGMMM3PD7N33TAPHGBUGTB43OC73HVIK2L2G6BNGGGYOSSYBXBD
321,GBKGOMGNT7RVOFBZVKAZA2WSDOWGCY3Q2D46B3PKYZP3PDFO72RSUQKV,account,direct,25.7734014,257734014,0.0000000,0,0.0000000,0,25.7734014,257734014,0.000176408569,0,,
322,GCPN3LQOCEA6J7JV24E4FFL4BJTCWMZQQTABL2KWVJWCNEGONVWTUBAK,account,backstop_attributed,0.0000000,0,25.3982326,253982326,0.0000000,0,25.3982326,253982326,0.000173840690,2,Fixed|YieldBlox,CAJJZSGMMM3PD7N33TAPHGBUGTB43OC73HVIK2L2G6BNGGGYOSSYBXBD|CCCCIQSDILITHMM7PBSLVDT5MISSY7R26MNZXCX4H7J5JQ5FPIYOGYFS
323,GARC3K7FGW255GY5WG4AU2B7VFA46KC6TZTRGDZ4P23235SV5DHSTXEE,account,backstop_attributed,0.0000000,0,25.0077287,250077287,0.0000000,0,25.0077287,250077287,0.000171167848,1,Fixed,CAJJZSGMMM3PD7N33TAPHGBUGTB43OC73HVIK2L2G6BNGGGYOSSYBXBD
324,GBHIPC7OBNOUK2PUDWRCYIGWGURRU6QKZL7VE2JXGHFIHVSGO3P2677E,account,direct,23.0846193,230846193,0.0000000,0,0.0000000,0,23.0846193,230846193,0.000158004937,0,,
325,GBVNOTDHHV7IO7HLEYVYMU257QFHVXXCGN7GIDE55ZBP5C4TBOIXVCD3,account,direct+backstop_attributed,1.6345712,16345712,20.4254179,204254179,0.0000000,0,22.0599891,220599891,0.000150991755,2,Fixed|YieldBlox,CAJJZSGMMM3PD7N33TAPHGBUGTB43OC73HVIK2L2G6BNGGGYOSSYBXBD|CCCCIQSDILITHMM7PBSLVDT5MISSY7R26MNZXCX4H7J5JQ5FPIYOGYFS
326,GC5GPYX65P76HSV2XZ5KCXSS5KTZWF6OP2UFLOIM3GVVQIWSBU6IIL6G,account,backstop_attributed,0.0000000,0,20.9059222,209059222,0.0000000,0,20.9059222,209059222,0.000143092631,1,Fixed,CAJJZSGMMM3PD7N33TAPHGBUGTB43OC73HVIK2L2G6BNGGGYOSSYBXBD
327,CAYQOYGV7US2CTOCG54LEMG76OJIDMEI3HL6HOXWCKGEA7WHZRCVCW46,contract,direct,20.6184113,206184113,0.0000000,0,0.0000000,0,20.6184113,206184113,0.000141124735,0,,
328,GDZ5HDZP5LHHTF7QNNIZV55SCVKRSZS6UXGBRISF4CY5QUX7FMQ3ABNU,account,backstop_attributed,0.0000000,0,19.3596504,193596504,0.0000000,0,19.3596504,193596504,0.000132509023,2,Fixed|YieldBlox,CAJJZSGMMM3PD7N33TAPHGBUGTB43OC73HVIK2L2G6BNGGGYOSSYBXBD|CCCCIQSDILITHMM7PBSLVDT5MISSY7R26MNZXCX4H7J5JQ5FPIYOGYFS
329,GCUH77U4SI4A7F3UYPVSYEW64XNOXZ7V7YKNKTNCXBCOJPTL6HTUU4R6,account,direct,18.1552563,181552563,0.0000000,0,0.0000000,0,18.1552563,181552563,0.000124265429,0,,
330,GDG5V6LVXEMDITWFFYSSSUVLTEGIDHCAO6VL36JBD7ENKC7GQXKRBRBA,account,direct,18.1429041,181429041,0.0000000,0,0.0000000,0,18.1429041,181429041,0.000124180883,0,,
331,GB7CDJLKB7EO76UBQN6BVGMLVKRIF3NKMP6AXITRI52RAMAKMOAKXIKR,account,direct,16.4489186,164489186,0.0000000,0,0.0000000,0,16.4489186,164489186,0.000112586234,0,,
332,GAIRK3MP4IO6LZ4PIEKXAKYFGDI46ALSC5OL7AAURYSWCWKNTGOWHLHA,account,backstop_attributed,0.0000000,0,16.3132485,163132485,0.0000000,0,16.3132485,163132485,0.000111657626,1,Fixed,CAJJZSGMMM3PD7N33TAPHGBUGTB43OC73HVIK2L2G6BNGGGYOSSYBXBD
333,GCMWO3XGISQJVGXACC4QN6I6G6MWAM4KV6G4NWCKOG3FO6ETMLSNQEXZ,account,direct,16.2846016,162846016,0.0000000,0,0.0000000,0,16.2846016,162846016,0.000111461550,0,,
334,GCDCYPJO2JTE4SJMKUTKZD4YGBWDOMKGKMWAXN4WLRHFAU6KV4NIEK5R,account,backstop_attributed,0.0000000,0,16.2617501,162617501,0.0000000,0,16.2617501,162617501,0.000111305141,1,Fixed,CAJJZSGMMM3PD7N33TAPHGBUGTB43OC73HVIK2L2G6BNGGGYOSSYBXBD
335,GAPNT32774YFGFMSKQG3XYO5GSPEG33TSRQUNR42QQ52R2MEWSBZJK5S,account,direct+backstop_attributed,5.0000000,50000000,9.1075973,91075973,0.0000000,0,14.1075973,141075973,0.000096560831,1,Fixed,CAJJZSGMMM3PD7N33TAPHGBUGTB43OC73HVIK2L2G6BNGGGYOSSYBXBD
336,GDOPYPHE2G7CSHXC4BQGMWQPHPS7KNGCKEQY2MJSWMFKGBXJ6I2A3OVP,account,direct,13.9706805,139706805,0.0000000,0,0.0000000,0,13.9706805,139706805,0.000095623690,0,,
337,GD7NB2UZNV6CX5NHIONUMI65JFZBQO57QR7O44KY6G7QOMMQMMRRWVKY,account,backstop_attributed,0.0000000,0,13.2550588,132550588,0.0000000,0,13.2550588,132550588,0.000090725548,1,Fixed,CAJJZSGMMM3PD7N33TAPHGBUGTB43OC73HVIK2L2G6BNGGGYOSSYBXBD
338,GACMBVFG56MWHDW7FRWA6MYIVKQ77SUT3C4J24MI5UBBKVU2RAD2DFE2,account,direct+backstop_attributed,12.7907618,127907618,0.0015258,15258,0.0000000,0,12.7922876,127922876,0.000087558065,1,YieldBlox,CCCCIQSDILITHMM7PBSLVDT5MISSY7R26MNZXCX4H7J5JQ5FPIYOGYFS
339,GBQPDBTU6Z6COF3AYFJNH3PWGN2I6T2LT6BN2W362IBVICJCCACIFEJ6,account,direct,12.7799874,127799874,0.0000000,0,0.0000000,0,12.7799874,127799874,0.000087473875,0,,
340,GA4XJAJ3P7NQTLYRMG2SOF7UPEVRNAVFRQ2PIXPGR7YG54MMS2RTELLW,account,backstop_attributed,0.0000000,0,10.6330543,106330543,0.0000000,0,10.6330543,106330543,0.000072778981,1,Fixed,CAJJZSGMMM3PD7N33TAPHGBUGTB43OC73HVIK2L2G6BNGGGYOSSYBXBD
341,GCKEHPAZCAIERF775J6O4U3HUWIT2FVFODQECWIXEZQJ2QQX63AHTZ2Q,account,direct,10.5464282,105464282,0.0000000,0,0.0000000,0,10.5464282,105464282,0.000072186060,0,,
342,GBZFLQIAXSHWIDBWPHOMAPLKBSFK35X67ME62A4IRYKATG32PMV7SAJE,account,direct+backstop_attributed,1.0612285,10612285,8.9730049,89730049,0.0000000,0,10.0342334,100342334,0.000068680293,1,Fixed,CAJJZSGMMM3PD7N33TAPHGBUGTB43OC73HVIK2L2G6BNGGGYOSSYBXBD
343,GAUNKDDDNBYWEXFGB5UOSRIDNEBON6ROZOCW6WFY7FOR3PJGGNQFO6PJ,account,direct+backstop_attributed,9.4449078,94449078,0.0011267,11267,0.0000000,0,9.4460345,94460345,0.000064654308,1,YieldBlox,CCCCIQSDILITHMM7PBSLVDT5MISSY7R26MNZXCX4H7J5JQ5FPIYOGYFS
344,GDZZR6UBK5TWJ5AXFX74N442RLEAEERYUSP7JHMXAHUAMGEGZSC3ZAVT,account,direct+backstop_attributed,8.5356793,85356793,0.0010182,10182,0.0000000,0,8.5366975,85366975,0.000058430262,1,YieldBlox,CCCCIQSDILITHMM7PBSLVDT5MISSY7R26MNZXCX4H7J5JQ5FPIYOGYFS
345,GDNK74PMBZ2KML2E3OILXBRANUATP33Z3EPLSZBUXP6MET7OVOBL34SB,account,direct+backstop_attributed,0.0000001,1,8.4242894,84242894,0.0000000,0,8.4242895,84242895,0.000057660874,1,Fixed,CAJJZSGMMM3PD7N33TAPHGBUGTB43OC73HVIK2L2G6BNGGGYOSSYBXBD
346,GBO3GNS272BFQIOB4FF3SWWOFXFG7AX63LO2XAVLACVDUQKV4WCINT5V,account,direct,8.3508741,83508741,0.0000000,0,0.0000000,0,8.3508741,83508741,0.000057158375,0,,
347,GDXQE2Z6FEO2XSLAT4EDU5NWDZTEGETBIPYDJJ4CHH6KSY2H7732BZF2,account,direct+backstop_attributed,8.2650260,82650260,0.0009655,9655,0.0000000,0,8.2659915,82659915,0.000056577388,1,YieldBlox,CCCCIQSDILITHMM7PBSLVDT5MISSY7R26MNZXCX4H7J5JQ5FPIYOGYFS
348,GC5GFG6TBKBCTREVD3IVOJINGU4XTOQLAHLC3WXKRGDTQKE523TA464L,account,backstop_attributed,0.0000000,0,8.0333477,80333477,0.0000000,0,8.0333477,80333477,0.000054985035,1,YieldBlox,CCCCIQSDILITHMM7PBSLVDT5MISSY7R26MNZXCX4H7J5JQ5FPIYOGYFS
349,GCVEU5APZO3N4FR6GPDZDXDYZS74OVXDSPI42DQ2G35CF7MG5ZWTSCIO,account,direct,7.5962274,75962274,0.0000000,0,0.0000000,0,7.5962274,75962274,0.000051993122,0,,
350,GDIQAR3SGCJZ5OF76B4AN5AJY7V2ZJJZC6OHSTTNQY77L3FTSKBTGU7Y,account,direct+backstop_attributed,4.5174109,45174109,2.9522547,29522547,0.0000000,0,7.4696656,74696656,0.000051126857,1,Fixed,CAJJZSGMMM3PD7N33TAPHGBUGTB43OC73HVIK2L2G6BNGGGYOSSYBXBD
351,GDZUYUDTAHZBE24RAOZOGQ52YHVPP6676USWSYC5ITFJ5WFGJQH3J3WP,account,direct,6.7755436,67755436,0.0000000,0,0.0000000,0,6.7755436,67755436,0.000046375871,0,,
352,GCNLDOJWI2TV27SPVFJMUVMVOH5SUGEIYMFEQLGRCSTHHQQJS4XI67UM,account,direct,6.7020471,67020471,0.0000000,0,0.0000000,0,6.7020471,67020471,0.000045872817,0,,
353,GD5KSHS7AGCE7QHDSCNX253N2UMNKEP5KFUDYUIY3FIZI67JM4DSJ2HD,account,direct,6.4763946,64763946,0.0000000,0,0.0000000,0,6.4763946,64763946,0.000044328317,0,,
354,GDHUFCJ7ZRFNB2S6WUCKJXEREA54YVO7XN5AR655XYXUTY3QWMJMMULJ,account,direct+backstop_attributed,6.4721783,64721783,0.0007720,7720,0.0000000,0,6.4729503,64729503,0.000044304742,1,YieldBlox,CCCCIQSDILITHMM7PBSLVDT5MISSY7R26MNZXCX4H7J5JQ5FPIYOGYFS
355,GDXLRWGGA6C6OYWUOD2US2AR7QBQKDHSQUKHICDII3DH2FDIOEXFERAQ,account,backstop_attributed,0.0000000,0,6.3823429,63823429,0.0000000,0,6.3823429,63823429,0.000043684571,1,Orbit,CAE7QVOMBLZ53CDRGK3UNRRHG5EZ5NQA7HHTFASEMYBWHG6MDFZTYHXC
356,GB4J33ZNH63VYRZUOAJCJIEV5LDEFOD2V3ZM62ZKK5IRCA3BBIDEREFH,account,backstop_attributed,0.0000000,0,5.2373894,52373894,0.0000000,0,5.2373894,52373894,0.000035847824,1,Fixed,CAJJZSGMMM3PD7N33TAPHGBUGTB43OC73HVIK2L2G6BNGGGYOSSYBXBD
357,GAJO3OT3EOEHYNJM2R74UFO4NV4IPVFVTYCYEVNTUZOMTXON7A75YORE,account,direct+backstop_attributed,3.6447875,36447875,1.3741048,13741048,0.0000000,0,5.0188923,50188923,0.000034352299,2,Fixed|YieldBlox,CAJJZSGMMM3PD7N33TAPHGBUGTB43OC73HVIK2L2G6BNGGGYOSSYBXBD|CCCCIQSDILITHMM7PBSLVDT5MISSY7R26MNZXCX4H7J5JQ5FPIYOGYFS
358,GDTIW2XS2T3UHGGVCBEEMJSQUB2IRGLBF6PO5T7A3NSF3WOMHAVD7FNM,account,direct,5.0000000,50000000,0.0000000,0,0.0000000,0,5.0000000,50000000,0.000034222989,0,,
359,GCU7SJW42RVRSDZ63KM5KGDBXRLSL74KXVG6PS2VPJBTUYR6EY2CJHGQ,account,direct,4.4103683,44103683,0.0000000,0,0.0000000,0,4.4103683,44103683,0.000030187197,0,,
360,GDSSLBC66CZI7DZLAUNYVCADBYYSKHJDE3APJCI4SRDM3TYS2LHQFNYF,account,direct,3.9093268,39093268,0.0000000,0,0.0000000,0,3.9093268,39093268,0.000026757770,0,,
361,GDDT5F35W42ELATI4S3H6R4BATKSY3HFTLPN2WULTHZ3XUZIWSGU2J2G,account,direct,3.8954518,38954518,0.0000000,0,0.0000000,0,3.8954518,38954518,0.000026662801,0,,
362,GAYKKYTEHCRRLXLYQXDPTLWG2UEPUNR6WVHJTUGTWZ7MNMJ3U35SFDXU,account,backstop_attributed,0.0000000,0,3.6527313,36527313,0.0000000,0,3.6527313,36527313,0.000025001477,1,YieldBlox,CCCCIQSDILITHMM7PBSLVDT5MISSY7R26MNZXCX4H7J5JQ5FPIYOGYFS
363,GALQD6OACZMX3HVVWGMKPCA6ITVFVTXDANSKU67KSGWOYWXCAWWCCLVW,account,backstop_attributed,0.0000000,0,3.2974459,32974459,0.0000000,0,3.2974459,32974459,0.000022569691,1,Forex,CBYOBT7ZCCLQCBUYYIABZLSEGDPEUWXCUXQTZYOG3YBDR7U357D5ZIRF
364,GBO7FPUTO6GSNS6C5A7CK374XMK7JL2GTUXNRU4MNJ72LWBOIB6WGTW2,account,direct+backstop_attributed,2.9617409,29617409,0.0003533,3533,0.0000000,0,2.9620942,29620942,0.000020274343,1,YieldBlox,CCCCIQSDILITHMM7PBSLVDT5MISSY7R26MNZXCX4H7J5JQ5FPIYOGYFS
365,GB3AVQH3J3YBBWQSSNGFUWHYB3SS5JNEMDV3SGOEEDSRGP6C2XSFHO4B,account,direct+backstop_attributed,1.6115997,16115997,1.2308823,12308823,0.0000000,0,2.8424820,28424820,0.000019455646,1,Fixed,CAJJZSGMMM3PD7N33TAPHGBUGTB43OC73HVIK2L2G6BNGGGYOSSYBXBD
366,GAZN4BIQPNPPS2PW2NKAWW6K37RLRV47BWTLJACRZXQJ4DVBA3IFQMRY,account,direct+backstop_attributed,0.2832097,2832097,2.4995740,24995740,0.0000000,0,2.7827837,27827837,0.000019047035,2,Fixed|YieldBlox,CAJJZSGMMM3PD7N33TAPHGBUGTB43OC73HVIK2L2G6BNGGGYOSSYBXBD|CCCCIQSDILITHMM7PBSLVDT5MISSY7R26MNZXCX4H7J5JQ5FPIYOGYFS
367,GA2QPTLERXGGQOI23NVTWMZ6FDVXTCNXHBWAHSANZ6X2YMXFLZKPD5Y4,account,direct,2.5648162,25648162,0.0000000,0,0.0000000,0,2.5648162,25648162,0.000017555135,0,,
368,GCHLFJVEUGN45I27NXWXOMV7B4ZXGPJMUUEUBA7O43IG6KEEDHAGPN4T,account,direct,2.4121622,24121622,0.0000000,0,0.0000000,0,2.4121622,24121622,0.000016510280,0,,
369,GCL3CVQZFUW3TFVTWS7VYO5XXIAUCRF36KOCIHHL75IX4J3YREZCEUNY,account,direct,2.3220677,23220677,0.0000000,0,0.0000000,0,2.3220677,23220677,0.000015893619,0,,
370,GBKC7PDKWKZ3ETQ2L76IF6HOWTI5ITFD2PEYHOYG3M4YHJ6PSW3N2CPT,account,backstop_attributed,0.0000000,0,1.8842663,18842663,0.0000000,0,1.8842663,18842663,0.000012897045,1,Fixed,CAJJZSGMMM3PD7N33TAPHGBUGTB43OC73HVIK2L2G6BNGGGYOSSYBXBD
371,GDHVGOZF6WT7CDM5EREDZ7R5CBTQRFQMFSJPMAOWMANIVXXDF3ENNIMR,account,direct,1.7859118,17859118,0.0000000,0,0.0000000,0,1.7859118,17859118,0.000012223848,0,,
372,GCLORRKHQDUHD6V7CBWLLMCHCSPHFMCKUXQGTIKYWLIOPJUKWUGU6Z3V,account,direct,1.7228641,17228641,0.0000000,0,0.0000000,0,1.7228641,17228641,0.000011792312,0,,
373,GDWVSSISOKIMKCQKUBRY6QXGLMII2YKWFTZIH4HQRK6LMEOZUAYZGJW4,account,direct,1.6838772,16838772,0.0000000,0,0.0000000,0,1.6838772,16838772,0.000011525462,0,,
374,GAETN3MSNJDPK62CJ6JVOUNOD63RJN3HWHVLZLJMQXN7RJEMZPJ3SZ6X,account,backstop_attributed,0.0000000,0,1.6715799,16715799,0.0000000,0,1.6715799,16715799,0.000011441292,2,Fixed|YieldBlox,CAJJZSGMMM3PD7N33TAPHGBUGTB43OC73HVIK2L2G6BNGGGYOSSYBXBD|CCCCIQSDILITHMM7PBSLVDT5MISSY7R26MNZXCX4H7J5JQ5FPIYOGYFS
375,GBPV6BQZXPXM2TNSS7QDASSDUU6PVJFCHCIE2E5L7H4EKKIBNAOIZF3H,account,backstop_attributed,0.0000000,0,1.5839971,15839971,0.0000000,0,1.5839971,15839971,0.000010841823,1,Fixed,CAJJZSGMMM3PD7N33TAPHGBUGTB43OC73HVIK2L2G6BNGGGYOSSYBXBD
376,GDMTKGOWC3Y43P2EU75AULPOKCQGZEIGB6OR6YPHK7NTDHPHQ2I7HEKW,account,direct,1.5630382,15630382,0.0000000,0,0.0000000,0,1.5630382,15630382,0.000010698368,0,,
377,GCJ45ZYIXVRXI6OYHOD2OX766CNCTC5QTLREXIHRV6KOGIDKL33FLZQF,account,direct+backstop_attributed,0.1485536,1485536,1.3803185,13803185,0.0000000,0,1.5288721,15288721,0.000010464514,2,Fixed|YieldBlox,CAJJZSGMMM3PD7N33TAPHGBUGTB43OC73HVIK2L2G6BNGGGYOSSYBXBD|CCCCIQSDILITHMM7PBSLVDT5MISSY7R26MNZXCX4H7J5JQ5FPIYOGYFS
378,GAIEN22P6OOMJJQKHJKVMLHGJXSOCDZDUTMMABOWDDXU2X2Y5DCKZTXF,account,direct+backstop_attributed,1.4628730,14628730,0.0001745,1745,0.0000000,0,1.4630475,14630475,0.000010013971,1,YieldBlox,CCCCIQSDILITHMM7PBSLVDT5MISSY7R26MNZXCX4H7J5JQ5FPIYOGYFS
379,GB4C6XKHXZLFBQKL7IVUJMPQZ4BVIJNYS4QCFWGAH2WFDORINDCFHR2U,account,backstop_attributed,0.0000000,0,1.3035199,13035199,0.0000000,0,1.3035199,13035199,0.000008922069,1,Fixed,CAJJZSGMMM3PD7N33TAPHGBUGTB43OC73HVIK2L2G6BNGGGYOSSYBXBD
380,GBTYAFHGNZSTE4VBWZYAGB3SRGJEPTI5I4Y22KZ4JTVAN56LESB6JZOF,account,direct,1.3032289,13032289,0.0000000,0,0.0000000,0,1.3032289,13032289,0.000008920077,0,,
381,GB7WJXIRR5MSEXVVZ265DJB4QJ45Q2QRTMIXJFXV7DN3IV5BY7XEQHTL,account,backstop_attributed,0.0000000,0,1.2678353,12678353,0.0000000,0,1.2678353,12678353,0.000008677822,1,Fixed,CAJJZSGMMM3PD7N33TAPHGBUGTB43OC73HVIK2L2G6BNGGGYOSSYBXBD
382,GCLV4QX3OYGMUQSEFDJZ46KM5HB77VJXXVLRXSFVBYA6F6FFZBROH5PE,account,direct,1.0479013,10479013,0.0000000,0,0.0000000,0,1.0479013,10479013,0.000007172463,0,,
383,GDTD2EX3Q5VMZWXPRAUFBKJYHNLAHP2L4DSEGLH7TJD4RVXYT6VIGXOG,account,direct,1.0000000,10000000,0.0000000,0,0.0000000,0,1.0000000,10000000,0.000006844597,0,,
384,GAJ6T6AU55OB4BB5XQ4ZC7TUD2SLMDVZRD3LTNY4MN6WI53XERSUWXQJ,account,direct,0.8791329,8791329,0.0000000,0,0.0000000,0,0.8791329,8791329,0.000006017311,0,,
385,GC5CQXTIRFSLTAXNYXOWTCUKQOCPSAAKJZPJYKDS4NP6PI3RHWRIGIPW,account,direct+backstop_attributed,0.8509909,8509909,0.0000050,50,0.0000000,0,0.8509959,8509959,0.000005824724,1,YieldBlox,CCCCIQSDILITHMM7PBSLVDT5MISSY7R26MNZXCX4H7J5JQ5FPIYOGYFS
386,GBYLTESD5FBXDQDCJ5IRQ4E5KXNFRZEROLI3WP6REHUVWSK75QW26KRU,account,direct,0.8301402,8301402,0.0000000,0,0.0000000,0,0.8301402,8301402,0.000005681975,0,,
387,GDWLVITTYYSTFDGWY2LQH6SHQTEB4O3IRLCDAEE5CGFLUM4E5C3SLVDI,account,direct+backstop_attributed,0.7841418,7841418,0.0000935,935,0.0000000,0,0.7842353,7842353,0.000005367775,1,YieldBlox,CCCCIQSDILITHMM7PBSLVDT5MISSY7R26MNZXCX4H7J5JQ5FPIYOGYFS
388,GB35DW2RBB7Q5Y3T3O2MMHLW22P2CIWK3OBJACR7JEOFJCKTGJDV4CQI,account,direct,0.7340478,7340478,0.0000000,0,0.0000000,0,0.7340478,7340478,0.000005024262,0,,
389,GB4E3WP7E7XCTXUZYQINRURM2JF4DWBMSOK5UECMWFUNLI3XSYMXQYP4,account,direct,0.6451015,6451015,0.0000000,0,0.0000000,0,0.6451015,6451015,0.000004415460,0,,
390,GAMGCOLBE547IOABXNYIAE3ZJQBLXHYRF4Z6EM4LXBIEDF67X5YSABMK,account,direct+backstop_attributed,0.5922962,5922962,0.0000706,706,0.0000000,0,0.5923668,5923668,0.000004054512,1,YieldBlox,CCCCIQSDILITHMM7PBSLVDT5MISSY7R26MNZXCX4H7J5JQ5FPIYOGYFS
391,GB6Y24VSBEQUSOLJ6RAM4PCH2GXLM7MGZWUNNLC7ILRLYKQK3BPJTUTI,account,backstop_attributed,0.0000000,0,0.5100065,5100065,0.0000000,0,0.5100065,5100065,0.000003490789,1,Fixed,CAJJZSGMMM3PD7N33TAPHGBUGTB43OC73HVIK2L2G6BNGGGYOSSYBXBD
392,GAPLXXBHMVBKUNOOOMR2OFHGSWNN5MYFJRMZOECOT6IKY5RV3UGWFVG7,account,direct+backstop_attributed,0.4829238,4829238,0.0000576,576,0.0000000,0,0.4829814,4829814,0.000003305813,1,YieldBlox,CCCCIQSDILITHMM7PBSLVDT5MISSY7R26MNZXCX4H7J5JQ5FPIYOGYFS
393,GASND6BBFGDGWDLP2DJCFDAKL7GHHZAYQ6PENFHSHMLEMFKAVLZCDQXJ,account,direct,0.3475208,3475208,0.0000000,0,0.0000000,0,0.3475208,3475208,0.000002378640,0,,
394,GDQI7LOGDRQRM5OXEIEY7TDHUYEHGQ7RX3KOJU3FNUP6HBDHUGWA3I6R,account,direct+backstop_attributed,0.2151157,2151157,0.1000000,1000000,0.0000000,0,0.3151157,3151157,0.000002156840,1,Etherfuse,CDMAVJPFXPADND3YRL4BSM3AKZWCTFMX27GLLXCML3PD62HEQS5FPVAI
395,GBEKLFZMC3TEVLRYGYIRLAYWTXBCX43UXXII3JD33FPLQWHRGHEDK6IZ,account,direct+backstop_attributed,0.2259769,2259769,0.0000269,269,0.0000000,0,0.2260038,2260038,0.000001546905,1,YieldBlox,CCCCIQSDILITHMM7PBSLVDT5MISSY7R26MNZXCX4H7J5JQ5FPIYOGYFS
396,GAKIIH266BRQY7C2JFZH25HC46O7ULTZOEZNH2NBNWSTFSDZ6BWQQJE2,account,direct,0.2205107,2205107,0.0000000,0,0.0000000,0,0.2205107,2205107,0.000001509307,0,,
397,GAWL2CH2JH5APO5GJZ5OH6SILW4XUFW7Z72FZDAAUOLK5QZTS363QDDC,account,direct,0.1988986,1988986,0.0000000,0,0.0000000,0,0.1988986,1988986,0.000001361380,0,,
398,GDKRZEZ2DKIM4YQBGIY5KO4Z6F6GJH7C4HW2BQZURR2LZXWNEGGXKALI,account,direct,0.1807891,1807891,0.0000000,0,0.0000000,0,0.1807891,1807891,0.000001237428,0,,
399,GDWCQZO3RUW5KI7AEWUKYFW36ZZQ2AOXUR7SO72CDJJKBBAEE44GS2PD,account,direct,0.1720521,1720521,0.0000000,0,0.0000000,0,0.1720521,1720521,0.000001177627,0,,
400,GDA3KH2ACOLTR3PUNSFUGM446EY2CKWLZZOI453KCKYTUEKQTY5ETYN2,account,direct+backstop_attributed,0.1144846,1144846,0.0559704,559704,0.0000000,0,0.1704550,1704550,0.000001166695,1,Fixed,CAJJZSGMMM3PD7N33TAPHGBUGTB43OC73HVIK2L2G6BNGGGYOSSYBXBD
401,GCBS6RORL7MM3WFOGVRSAP5TVVWTYMS2L5UMQWXPVED3HB6ZGHF7AUPM,account,direct,0.1394907,1394907,0.0000000,0,0.0000000,0,0.1394907,1394907,0.000000954757,0,,
402,GCXAW4AMKEEKU6YFRY3OC7WYXJTG7HOWR6TEN3WRGTUGPIPYRM5NFNUD,account,backstop_attributed,0.0000000,0,0.1121037,1121037,0.0000000,0,0.1121037,1121037,0.000000767304,2,Fixed|YieldBlox,CAJJZSGMMM3PD7N33TAPHGBUGTB43OC73HVIK2L2G6BNGGGYOSSYBXBD|CCCCIQSDILITHMM7PBSLVDT5MISSY7R26MNZXCX4H7J5JQ5FPIYOGYFS
403,GB4DNA2POXXWS6ICI7PX7Z3MPKTIKXBLOK6OVQA7ANTF4EY6RAND6HHX,account,backstop_attributed,0.0000000,0,0.0893581,893581,0.0000000,0,0.0893581,893581,0.000000611620,1,Fixed,CAJJZSGMMM3PD7N33TAPHGBUGTB43OC73HVIK2L2G6BNGGGYOSSYBXBD
404,GDE2FMUG4YLSEBU2YXEQW7CSAYUWVPO6EI3JCTT4IKCHA2XZV6QJT253,account,backstop_attributed,0.0000000,0,0.0817241,817241,0.0000000,0,0.0817241,817241,0.000000559368,1,Fixed,CAJJZSGMMM3PD7N33TAPHGBUGTB43OC73HVIK2L2G6BNGGGYOSSYBXBD
405,GD6KB4YPGKONGKSPRVEOUDLSCIAD42XHCB4QWLR5AGNF2ET5T2OUZZQT,account,direct,0.0753868,753868,0.0000000,0,0.0000000,0,0.0753868,753868,0.000000515992,0,,
406,GCL5B4D6HXX7D2XEJTNSEFHN7RH7O5CBL3ZGJYJ4NJRFUSD5QF55DITS,account,backstop_attributed,0.0000000,0,0.0672907,672907,0.0000000,0,0.0672907,672907,0.000000460577,1,YieldBlox,CCCCIQSDILITHMM7PBSLVDT5MISSY7R26MNZXCX4H7J5JQ5FPIYOGYFS
407,GD52CPH2SKWSQ37Y6RUXMQMCJGQMSNB3CUYSI43NS6NAEGXIQQYLMDYJ,account,direct,0.0669326,669326,0.0000000,0,0.0000000,0,0.0669326,669326,0.000000458126,0,,
408,GDGDDMVM5Y7WS5RK5BEOTQPUQ2K73MXCOGSF4FKJEPWSDUT4YY3GEJNS,account,backstop_attributed,0.0000000,0,0.0667570,667570,0.0000000,0,0.0667570,667570,0.000000456924,1,YieldBlox,CCCCIQSDILITHMM7PBSLVDT5MISSY7R26MNZXCX4H7J5JQ5FPIYOGYFS
409,GD4EN5NB25YLXKTCUV7XPIPDL6RUQEC7L7T7JMB2QMGPFSKAHNMFWGC6,account,backstop_attributed,0.0000000,0,0.0649197,649197,0.0000000,0,0.0649197,649197,0.000000444349,1,Fixed,CAJJZSGMMM3PD7N33TAPHGBUGTB43OC73HVIK2L2G6BNGGGYOSSYBXBD
410,CCYUN6GE33GF5GB23XLAAY6OENPBHEMIPFNQLD7S5YYTAGJLJLZENX4E,contract,direct,0.0614555,614555,0.0000000,0,0.0000000,0,0.0614555,614555,0.000000420638,0,,
411,GA3GK6POT4ULRSLH3OHNHVOGVGFEUMAWHYEQDM6WNS5NAZ327OGL7II2,account,direct+backstop_attributed,0.0594399,594399,0.0000070,70,0.0000000,0,0.0594469,594469,0.000000406890,1,YieldBlox,CCCCIQSDILITHMM7PBSLVDT5MISSY7R26MNZXCX4H7J5JQ5FPIYOGYFS
412,GCRJ56CVFFASF3L5QLPCKE4XNRGC7RE3U2HSDHAFRTZHAY2MQKWU2UQ6,account,direct,0.0496834,496834,0.0000000,0,0.0000000,0,0.0496834,496834,0.000000340062,0,,
413,GAGCFJNK7ETAKASG3WPPYEDHAKGUWA5NJSW7RHPX3RIJPZSPIN2XGLI3,account,backstop_attributed,0.0000000,0,0.0369394,369394,0.0000000,0,0.0369394,369394,0.000000252835,1,YieldBlox,CCCCIQSDILITHMM7PBSLVDT5MISSY7R26MNZXCX4H7J5JQ5FPIYOGYFS
414,GDYHVKFQ4FEE76XX2XZCJAS7Y5QTA7MJCQCX5TSPFWVV3L7R6GBCU7TH,account,direct+backstop_attributed,0.0004967,4967,0.0350538,350538,0.0000000,0,0.0355505,355505,0.000000243328,1,Fixed,CAJJZSGMMM3PD7N33TAPHGBUGTB43OC73HVIK2L2G6BNGGGYOSSYBXBD
415,GDUHSEICX6MRQWRQWW4QQX766FVWTUCOGTLZ5QAH6SL2IVX6NLEIHRKU,account,direct,0.0343425,343425,0.0000000,0,0.0000000,0,0.0343425,343425,0.000000235060,0,,
416,GAJRGT5XHEVATPA2NUQ5JVTBZES32O3LZ5LFLWANOOQI5ENRXIMNKQE4,account,backstop_attributed,0.0000000,0,0.0341156,341156,0.0000000,0,0.0341156,341156,0.000000233507,1,YieldBlox,CCCCIQSDILITHMM7PBSLVDT5MISSY7R26MNZXCX4H7J5JQ5FPIYOGYFS
417,GBSSGIYB7STQA53PNB4HTFRZJRGREEF47OB6UF44EPDUZNCAZMUCGTLK,account,backstop_attributed,0.0000000,0,0.0271864,271864,0.0000000,0,0.0271864,271864,0.000000186079,1,Fixed,CAJJZSGMMM3PD7N33TAPHGBUGTB43OC73HVIK2L2G6BNGGGYOSSYBXBD
418,GCXJ4V7UXFOUS3BQZVWK6HML5TFFJSMPNZQVBTH565BTBV4K24U4BG6N,account,direct,0.0196740,196740,0.0000000,0,0.0000000,0,0.0196740,196740,0.000000134660,0,,
419,GACTXQR2PHJ72GNDIYR4W3Z2X54LCW3E5QKGLW6PTILDYBOUTSN44LB3,account,direct+backstop_attributed,0.0171862,171862,0.0000020,20,0.0000000,0,0.0171882,171882,0.000000117646,1,YieldBlox,CCCCIQSDILITHMM7PBSLVDT5MISSY7R26MNZXCX4H7J5JQ5FPIYOGYFS
420,GADRVVR23UCI6GROPWZ3H6K6QGLC7YH5PEYQ3FJHAUZGJMCASMUXQSXX,account,backstop_attributed,0.0000000,0,0.0117992,117992,0.0000000,0,0.0117992,117992,0.000000080760,1,Fixed,CAJJZSGMMM3PD7N33TAPHGBUGTB43OC73HVIK2L2G6BNGGGYOSSYBXBD
421,GBYG3RGKMZMHDNIDTHS6HL6OK73LMT6HTRAFKQV6EV2NFWNCLLWNEVQ2,account,backstop_attributed,0.0000000,0,0.0106179,106179,0.0000000,0,0.0106179,106179,0.000000072675,1,YieldBlox,CCCCIQSDILITHMM7PBSLVDT5MISSY7R26MNZXCX4H7J5JQ5FPIYOGYFS
422,GACAI36BCRAIFTXW7NTH7BQD3UQ7SLFCENNJGICPETTRE7VPOQ6GUWPM,account,direct,0.0084769,84769,0.0000000,0,0.0000000,0,0.0084769,84769,0.000000058020,0,,
423,GBQFUJA7AV254KFQF4JS4VIG4ZK4F74ODYULYA7IYZMLVAY7BAKUU5WS,account,direct,0.0079495,79495,0.0000000,0,0.0000000,0,0.0079495,79495,0.000000054411,0,,
424,GCPGXLK6JEATIMVHTSWC7FBDUG74A7ODI36WV46SMMBVPV35S4AHVVTG,account,direct,0.0072392,72392,0.0000000,0,0.0000000,0,0.0072392,72392,0.000000049549,0,,
425,GCZCKTFEJPCEVLFB3DKZTQVNIBFXL3X3BA4JNBE773TE5LTL3NCD3ICD,account,backstop_attributed,0.0000000,0,0.0055355,55355,0.0000000,0,0.0055355,55355,0.000000037888,1,YieldBlox,CCCCIQSDILITHMM7PBSLVDT5MISSY7R26MNZXCX4H7J5JQ5FPIYOGYFS
426,GCGWLP2YIOBV2RISNXBAXPD4E7QNQB2IOEHUFWICAQA2RLBTIKTUJXXD,account,direct,0.0032718,32718,0.0000000,0,0.0000000,0,0.0032718,32718,0.000000022394,0,,
427,GBNVSNJSZMERFCJ3QMYF5HVHW4A75IEH4LUAZE7QNXUADR2L7SL65WVA,account,direct,0.0032128,32128,0.0000000,0,0.0000000,0,0.0032128,32128,0.000000021990,0,,
428,GAEQDQALDK73AIXLXSHUOIPBO6SL5RZYBEVU4UCAYPWHTCTZKOU2EOQ5,account,direct,0.0026716,26716,0.0000000,0,0.0000000,0,0.0026716,26716,0.000000018286,0,,
429,GDMKNQWLH5H476ZFR46AZTL3YAQ3DW657ZAGV5N7QBPBX726YWFBOOTY,account,backstop_attributed,0.0000000,0,0.0024092,24092,0.0000000,0,0.0024092,24092,0.000000016490,1,YieldBlox,CCCCIQSDILITHMM7PBSLVDT5MISSY7R26MNZXCX4H7J5JQ5FPIYOGYFS
430,GCPZI7YUQ4WY4IAJDSOXG4XN37KDOZ35GLVF6NGUU7IIGWKHI7Y3HYUX,account,backstop_attributed,0.0000000,0,0.0019974,19974,0.0000000,0,0.0019974,19974,0.000000013671,1,Fixed,CAJJZSGMMM3PD7N33TAPHGBUGTB43OC73HVIK2L2G6BNGGGYOSSYBXBD
431,GCMZPA75DOJOHVJRHYJ6V2FINMAHERVDL2725IBNMNXMGQETPFLZHYAC,account,backstop_attributed,0.0000000,0,0.0015691,15691,0.0000000,0,0.0015691,15691,0.000000010739,1,Fixed,CAJJZSGMMM3PD7N33TAPHGBUGTB43OC73HVIK2L2G6BNGGGYOSSYBXBD
432,GDAKRH4QWTW5HB5JZI2XV4UJOHBRXKIW5UXORALVLMQ4L33JZ5K7LZNP,account,backstop_attributed,0.0000000,0,0.0000848,848,0.0000000,0,0.0000848,848,0.000000000580,1,YieldBlox,CCCCIQSDILITHMM7PBSLVDT5MISSY7R26MNZXCX4H7J5JQ5FPIYOGYFS
433,CAQQR5SWBXKIGZKPBZDH3KM5GQ5GUTPKB7JAFCINLZBC5WXPJKRG3IM7,contract,backstop_unattributed_residual,0.0000000,0,0.0000000,0,0.0000772,772,0.0000772,772,0.000000000528,0,,
434,GCYI2FG76NF7SYMMYK6EVWCHKIQQ4JRLBRZ42FDJ7KPWVYBQHVGJV6VL,account,backstop_attributed,0.0000000,0,0.0000009,9,0.0000000,0,0.0000009,9,0.000000000006,1,YieldBlox,CCCCIQSDILITHMM7PBSLVDT5MISSY7R26MNZXCX4H7J5JQ5FPIYOGYFS
435,GBCXNIUTZENFMJXI7Y4CVOK3OARE5GHAZPSZ2O6CRZYXW6CTR6T2IQFM,account,,0.0000000,0,0.0000000,0,0.0000000,0,0.0000000,0,0.000000000000,1,YieldBlox,CCCCIQSDILITHMM7PBSLVDT5MISSY7R26MNZXCX4H7J5JQ5FPIYOGYFS
